parent_directory,file_name,id,tx,sex,phase,trial,escape_arm,start_datetime
EHRAM Cohort 1 DARPA videos,Test 1.mp4,3201,RBSD,F,train_1,1,1,2025-11-18T13:06:32
EHRAM Cohort 1 DARPA videos,Test 2.mp4,3202,RBSD,F,train_1,1,2,2025-11-18T13:10:41
EHRAM Cohort 1 DARPA videos,Test 3.mp4,3203,RBSD,F,train_1,1,5,2025-11-18T13:14:03
EHRAM Cohort 1 DARPA videos,Test 4.mp4,3205,RBSD,F,train_1,1,2,2025-11-18T13:19:53
EHRAM Cohort 1 DARPA videos,Test 5.mp4,3206,RBSD,F,train_1,1,6,2025-11-18T13:22:32
EHRAM Cohort 1 DARPA videos,Test 6.mp4,3207,RBSD,F,train_1,1,5,2025-11-18T13:29:01
EHRAM Cohort 1 DARPA videos,Test 7.mp4,3203,RBSD,F,train_1,2,4,2025-11-18T13:39:47
EHRAM Cohort 1 DARPA videos,Test 8.mp4,3202,RBSD,F,train_1,2,3,2025-11-18T13:37:00
EHRAM Cohort 1 DARPA videos,Test 9.mp4,3201,RBSD,F,train_1,2,3,2025-11-18T13:33:57
EHRAM Cohort 1 DARPA videos,Test 10.mp4,3205,RBSD,F,train_1,2,0,2025-11-18T13:43:01
EHRAM Cohort 1 DARPA videos,Test 11.mp4,3206,RBSD,F,train_1,2,1,2025-11-18T13:45:38
EHRAM Cohort 1 DARPA videos,Test 12.mp4,3207,RBSD,F,train_1,2,1,2025-11-18T13:48:44
EHRAM Cohort 1 DARPA videos,Test 13.mp4,3201,RBSD,F,train_1,3,4,2025-11-18T13:51:29
EHRAM Cohort 1 DARPA videos,Test 14.mp4,3202,RBSD,F,train_1,3,1,2025-11-18T13:56:31
EHRAM Cohort 1 DARPA videos,Test 15.mp4,3203,RBSD,F,train_1,3,3,2025-11-18T13:59:44
EHRAM Cohort 1 DARPA videos,Test 16.mp4,3205,RBSD,F,train_1,3,6,2025-11-18T14:04:05
EHRAM Cohort 1 DARPA videos,Test 17.mp4,3206,RBSD,F,train_1,3,2,2025-11-18T14:07:21
EHRAM Cohort 1 DARPA videos,Test 18.mp4,3207,RBSD,F,train_1,3,5,2025-11-18T14:09:51
EHRAM Cohort 1 DARPA videos,Test 19.mp4,3201,RBSD,F,train_1,4,3,2025-11-18T14:12:32
EHRAM Cohort 1 DARPA videos,Test 20.mp4,3202,RBSD,F,train_1,4,4,2025-11-18T14:16:33
EHRAM Cohort 1 DARPA videos,Test 21.mp4,3203,RBSD,F,train_1,4,4,2025-11-18T14:22:53
EHRAM Cohort 1 DARPA videos,Test 22.mp4,3205,RBSD,F,train_1,4,5,2025-11-18T14:27:16
EHRAM Cohort 1 DARPA videos,Test 23.mp4,3206,RBSD,F,train_1,4,6,2025-11-18T14:32:08
EHRAM Cohort 1 DARPA videos,Test 24.mp4,3207,RBSD,F,train_1,4,7,2025-11-18T14:35:26
EHRAM Cohort 1 DARPA videos,Test 25.mp4,3208,NoSD,F,train_1,1,4,2025-11-18T15:01:21
EHRAM Cohort 1 DARPA videos,Test 26.mp4,3209,GHSD,F,train_1,1,1,2025-11-18T15:06:18
EHRAM Cohort 1 DARPA videos,Test 27.mp4,3210,GHSD,F,train_1,1,7,2025-11-18T15:11:14
EHRAM Cohort 1 DARPA videos,Test 28.mp4,3211,GHSD,F,train_1,1,3,2025-11-18T15:18:42
EHRAM Cohort 1 DARPA videos,Test 29.mp4,3212,GHSD,F,train_1,1,4,2025-11-18T15:23:04
EHRAM Cohort 1 DARPA videos,Test 30.mp4,3213,GHSD,F,train_1,1,7,2025-11-18T15:27:32
EHRAM Cohort 1 DARPA videos,Test 31.mp4,3214,GHSD,F,train_1,1,1,2025-11-18T15:31:44
EHRAM Cohort 1 DARPA videos,Test 32.mp4,3208,NoSD,F,train_1,2,5,2025-11-18T15:39:32
EHRAM Cohort 1 DARPA videos,Test 33.mp4,3209,GHSD,F,train_1,2,6,2025-11-18T15:45:27
EHRAM Cohort 1 DARPA videos,Test 34.mp4,3210,GHSD,F,train_1,2,5,2025-11-18T15:49:28
EHRAM Cohort 1 DARPA videos,Test 35.mp4,3211,GHSD,F,train_1,2,5,2025-11-18T15:57:03
EHRAM Cohort 1 DARPA videos,Test 36.mp4,3212,GHSD,F,train_1,2,5,2025-11-18T16:03:24
EHRAM Cohort 1 DARPA videos,Test 37.mp4,3213,GHSD,F,train_1,2,0,2025-11-18T16:10:12
EHRAM Cohort 1 DARPA videos,Test 38.mp4,3214,GHSD,F,train_1,2,1,2025-11-18T16:16:11
EHRAM Cohort 1 DARPA videos,Test 39.mp4,3208,NoSD,F,train_1,3,6,2025-11-18T16:23:10
EHRAM Cohort 1 DARPA videos,Test 40.mp4,3209,GHSD,F,train_1,3,1,2025-11-18T16:29:44
EHRAM Cohort 1 DARPA videos,Test 41.mp4,3210,GHSD,F,train_1,3,2,2025-11-18T16:38:01
EHRAM Cohort 1 DARPA videos,Test 42.mp4,3211,GHSD,F,train_1,3,0,2025-11-18T16:44:50
EHRAM Cohort 1 DARPA videos,Test 43.mp4,3212,GHSD,F,train_1,3,4,2025-11-18T16:50:26
EHRAM Cohort 1 DARPA videos,Test 44.mp4,3213,GHSD,F,train_1,3,6,2025-11-18T16:56:16
EHRAM Cohort 1 DARPA videos,Test 45.mp4,3214,GHSD,F,train_1,3,7,2025-11-18T17:01:03
EHRAM Cohort 1 DARPA videos,Test 46.mp4,3208,NoSD,F,train_1,4,0,2025-11-18T17:07:53
EHRAM Cohort 1 DARPA videos,Test 47.mp4,3209,GHSD,F,train_1,4,3,2025-11-18T17:12:17
EHRAM Cohort 1 DARPA videos,Test 48.mp4,3210,GHSD,F,train_1,4,7,2025-11-18T17:15:23
EHRAM Cohort 1 DARPA videos,Test 49.mp4,3211,GHSD,F,train_1,4,5,2025-11-18T17:22:42
EHRAM Cohort 1 DARPA videos,Test 50.mp4,3212,GHSD,F,train_1,4,3,2025-11-18T17:30:31
EHRAM Cohort 1 DARPA videos,Test 51.mp4,3213,GHSD,F,train_1,4,6,2025-11-18T17:33:29
EHRAM Cohort 1 DARPA videos,Test 52.mp4,3214,GHSD,F,train_1,4,0,2025-11-18T17:37:27
EHRAM Cohort 1 DARPA videos,Test 53.mp4,3201,RBSD,F,train_2,1,6,2025-11-19T12:48:12
EHRAM Cohort 1 DARPA videos,Test 54.mp4,3202,RBSD,F,train_2,1,0,2025-11-19T12:53:19
EHRAM Cohort 1 DARPA videos,Test 55.mp4,3203,RBSD,F,train_2,1,5,2025-11-19T12:58:15
EHRAM Cohort 1 DARPA videos,Test 56.mp4,3205,RBSD,F,train_2,1,0,2025-11-19T13:03:27
EHRAM Cohort 1 DARPA videos,Test 57.mp4,3206,RBSD,F,train_2,1,4,2025-11-19T13:10:04
EHRAM Cohort 1 DARPA videos,Test 58.mp4,3207,RBSD,F,train_2,1,7,2025-11-19T13:14:01
EHRAM Cohort 1 DARPA videos,Test 59.mp4,3201,RBSD,F,train_2,2,3,2025-11-19T13:21:43
EHRAM Cohort 1 DARPA videos,Test 60.mp4,3202,RBSD,F,train_2,2,2,2025-11-19T13:27:08
EHRAM Cohort 1 DARPA videos,Test 61.mp4,3203,RBSD,F,train_2,2,4,2025-11-19T13:33:06
EHRAM Cohort 1 DARPA videos,Test 62.mp4,3205,RBSD,F,train_2,2,0,2025-11-19T13:38:49
EHRAM Cohort 1 DARPA videos,Test 63.mp4,3206,RBSD,F,train_2,2,6,2025-11-19T13:44:01
EHRAM Cohort 1 DARPA videos,Test 64.mp4,3207,RBSD,F,train_2,2,0,2025-11-19T13:48:19
EHRAM Cohort 1 DARPA videos,Test 65.mp4,3201,RBSD,F,train_2,3,3,2025-11-19T13:53:03
EHRAM Cohort 1 DARPA videos,Test 66.mp4,3202,RBSD,F,train_2,3,3,2025-11-19T13:57:06
EHRAM Cohort 1 DARPA videos,Test 67.mp4,3203,RBSD,F,train_2,3,0,2025-11-19T14:00:34
EHRAM Cohort 1 DARPA videos,Test 68.mp4,3205,RBSD,F,train_2,3,4,2025-11-19T14:05:11
EHRAM Cohort 1 DARPA videos,Test 69.mp4,3206,RBSD,F,train_2,3,7,2025-11-19T14:10:36
EHRAM Cohort 1 DARPA videos,Test 70.mp4,3207,RBSD,F,train_2,3,5,2025-11-19T14:18:06
EHRAM Cohort 1 DARPA videos,Test 71.mp4,3201,RBSD,F,train_2,4,1,2025-11-19T14:24:08
EHRAM Cohort 1 DARPA videos,Test 72.mp4,3202,RBSD,F,train_2,4,5,2025-11-19T14:28:16
EHRAM Cohort 1 DARPA videos,Test 73.mp4,3203,RBSD,F,train_2,4,6,2025-11-19T14:33:51
EHRAM Cohort 1 DARPA videos,Test 74.mp4,3205,RBSD,F,train_2,4,0,2025-11-19T14:38:25
EHRAM Cohort 1 DARPA videos,Test 75.mp4,3206,RBSD,F,train_2,4,2,2025-11-19T14:42:16
EHRAM Cohort 1 DARPA videos,Test 76.mp4,3207,RBSD,F,train_2,4,6,2025-11-19T14:45:49
EHRAM Cohort 1 DARPA videos,Test 77.mp4,3208,NoSD,F,train_2,1,6,2025-11-19T15:05:05
EHRAM Cohort 1 DARPA videos,Test 78.mp4,3209,GHSD,F,train_2,1,1,2025-11-19T15:10:42
EHRAM Cohort 1 DARPA videos,Test 79.mp4,3210,GHSD,F,train_2,1,3,2025-11-19T15:14:54
EHRAM Cohort 1 DARPA videos,Test 80.mp4,3211,GHSD,F,train_2,1,1,2025-11-19T15:18:28
EHRAM Cohort 1 DARPA videos,Test 81.mp4,3212,GHSD,F,train_2,1,6,2025-11-19T15:22:11
EHRAM Cohort 1 DARPA videos,Test 82.mp4,3213,GHSD,F,train_2,1,3,2025-11-19T15:30:09
EHRAM Cohort 1 DARPA videos,Test 83.mp4,3214,GHSD,F,train_2,1,2,2025-11-19T15:34:28
EHRAM Cohort 1 DARPA videos,Test 84.mp4,3208,NoSD,F,train_2,2,2,2025-11-19T15:37:31
EHRAM Cohort 1 DARPA videos,Test 85.mp4,3209,GHSD,F,train_2,2,6,2025-11-19T15:41:47
EHRAM Cohort 1 DARPA videos,Test 86.mp4,3210,GHSD,F,train_2,2,4,2025-11-19T15:48:53
EHRAM Cohort 1 DARPA videos,Test 87.mp4,3211,GHSD,F,train_2,2,4,2025-11-19T15:52:42
EHRAM Cohort 1 DARPA videos,Test 88.mp4,3212,GHSD,F,train_2,2,7,2025-11-19T15:58:21
EHRAM Cohort 1 DARPA videos,Test 89.mp4,3213,GHSD,F,train_2,2,0,2025-11-19T16:05:44
EHRAM Cohort 1 DARPA videos,Test 90.mp4,3214,GHSD,F,train_2,2,3,2025-11-19T16:09:32
EHRAM Cohort 1 DARPA videos,Test 91.mp4,3208,NoSD,F,train_2,3,0,2025-11-19T16:16:04
EHRAM Cohort 1 DARPA videos,Test 92.mp4,3209,GHSD,F,train_2,3,2,2025-11-19T16:22:51
EHRAM Cohort 1 DARPA videos,Test 93.mp4,3210,GHSD,F,train_2,3,2,2025-11-19T16:26:12
EHRAM Cohort 1 DARPA videos,Test 94.mp4,3211,GHSD,F,train_2,3,5,2025-11-19T16:30:06
EHRAM Cohort 1 DARPA videos,Test 95.mp4,3212,GHSD,F,train_2,3,0,2025-11-19T16:36:14
EHRAM Cohort 1 DARPA videos,Test 96.mp4,3213,GHSD,F,train_2,3,5,2025-11-19T16:41:46
EHRAM Cohort 1 DARPA videos,Test 97.mp4,3214,GHSD,F,train_2,3,0,2025-11-19T16:46:46
EHRAM Cohort 1 DARPA videos,Test 98.mp4,3208,NoSD,F,train_2,4,2,2025-11-19T16:50:53
EHRAM Cohort 1 DARPA videos,Test 99.mp4,3209,GHSD,F,train_2,4,1,2025-11-19T16:57:00
EHRAM Cohort 1 DARPA videos,Test 100.mp4,3210,GHSD,F,train_2,4,7,2025-11-19T17:00:36
EHRAM Cohort 1 DARPA videos,Test 101.mp4,3211,GHSD,F,train_2,4,5,2025-11-19T17:09:14
EHRAM Cohort 1 DARPA videos,Test 102.mp4,3212,GHSD,F,train_2,4,3,2025-11-19T17:13:24
EHRAM Cohort 1 DARPA videos,Test 103.mp4,3213,GHSD,F,train_2,4,2,2025-11-19T17:17:23
EHRAM Cohort 1 DARPA videos,Test 104.mp4,3214,GHSD,F,train_2,4,7,2025-11-19T17:21:37
EHRAM Cohort 1 DARPA videos,Test 105.mp4,3201,RBSD,F,train_3,1,5,2025-11-20T12:56:46
EHRAM Cohort 1 DARPA videos,Test 106.mp4,3202,RBSD,F,train_3,1,0,2025-11-20T13:00:35
EHRAM Cohort 1 DARPA videos,Test 107.mp4,3203,RBSD,F,train_3,1,1,2025-11-20T13:08:04
EHRAM Cohort 1 DARPA videos,Test 108.mp4,3205,RBSD,F,train_3,1,7,2025-11-20T13:12:19
EHRAM Cohort 1 DARPA videos,Test 109.mp4,3206,RBSD,F,train_3,1,7,2025-11-20T13:16:48
EHRAM Cohort 1 DARPA videos,Test 110.mp4,3207,RBSD,F,train_3,1,2,2025-11-20T13:23:50
EHRAM Cohort 1 DARPA videos,Test 111.mp4,3201,RBSD,F,train_3,2,3,2025-11-20T13:27:56
EHRAM Cohort 1 DARPA videos,Test 112.mp4,3202,RBSD,F,train_3,2,7,2025-11-20T13:31:59
EHRAM Cohort 1 DARPA videos,Test 113.mp4,3203,RBSD,F,train_3,2,2,2025-11-20T13:39:03
EHRAM Cohort 1 DARPA videos,Test 114.mp4,3205,RBSD,F,train_3,2,4,2025-11-20T13:43:00
EHRAM Cohort 1 DARPA videos,Test 115.mp4,3206,RBSD,F,train_3,2,0,2025-11-20T13:46:36
EHRAM Cohort 1 DARPA videos,Test 116.mp4,3207,RBSD,F,train_3,2,2,2025-11-20T13:51:06
EHRAM Cohort 1 DARPA videos,Test 117.mp4,3201,RBSD,F,train_3,3,4,2025-11-20T13:54:22
EHRAM Cohort 1 DARPA videos,Test 118.mp4,3202,RBSD,F,train_3,3,7,2025-11-20T13:58:24
EHRAM Cohort 1 DARPA videos,Test 119.mp4,3203,RBSD,F,train_3,3,2,2025-11-20T14:03:37
EHRAM Cohort 1 DARPA videos,Test 120.mp4,3205,RBSD,F,train_3,3,4,2025-11-20T14:08:00
EHRAM Cohort 1 DARPA videos,Test 121.mp4,3206,RBSD,F,train_3,3,6,2025-11-20T14:12:44
EHRAM Cohort 1 DARPA videos,Test 122.mp4,3207,RBSD,F,train_3,3,7,2025-11-20T14:16:39
EHRAM Cohort 1 DARPA videos,Test 123.mp4,3201,RBSD,F,train_3,4,4,2025-11-20T14:22:36
EHRAM Cohort 1 DARPA videos,Test 124.mp4,3202,RBSD,F,train_3,4,2,2025-11-20T14:26:12
EHRAM Cohort 1 DARPA videos,Test 125.mp4,3203,RBSD,F,train_3,4,7,2025-11-20T14:33:51
EHRAM Cohort 1 DARPA videos,Test 126.mp4,3205,RBSD,F,train_3,4,7,2025-11-20T14:37:24
EHRAM Cohort 1 DARPA videos,Test 127.mp4,3206,RBSD,F,train_3,4,7,2025-11-20T14:40:58
EHRAM Cohort 1 DARPA videos,Test 128.mp4,3207,RBSD,F,train_3,4,3,2025-11-20T14:45:01
EHRAM Cohort 1 DARPA videos,Test 129 - Trim.mp4,3208,NoSD,F,train_3,1,2,2025-11-20T15:06:51
EHRAM Cohort 1 DARPA videos,Test 130.mp4,3209,GHSD,F,train_3,1,2,2025-11-20T15:11:20
EHRAM Cohort 1 DARPA videos,Test 131.mp4,3210,GHSD,F,train_3,1,0,2025-11-20T15:14:59
EHRAM Cohort 1 DARPA videos,Test 132.mp4,3211,GHSD,F,train_3,1,1,2025-11-20T15:19:43
EHRAM Cohort 1 DARPA videos,Test 133.mp4,3212,GHSD,F,train_3,1,4,2025-11-20T15:24:19
EHRAM Cohort 1 DARPA videos,Test 134.mp4,3213,GHSD,F,train_3,1,7,2025-11-20T15:28:34
EHRAM Cohort 1 DARPA videos,Test 135.mp4,3214,GHSD,F,train_3,1,1,2025-11-20T15:33:47
EHRAM Cohort 1 DARPA videos,Test 136.mp4,3208,NoSD,F,train_3,2,7,2025-11-20T15:37:54
EHRAM Cohort 1 DARPA videos,Test 137.mp4,3209,GHSD,F,train_3,2,1,2025-11-20T15:43:21
EHRAM Cohort 1 DARPA videos,Test 138.mp4,3210,GHSD,F,train_3,2,2,2025-11-20T15:48:09
EHRAM Cohort 1 DARPA videos,Test 139.mp4,3211,GHSD,F,train_3,2,7,2025-11-20T15:51:51
EHRAM Cohort 1 DARPA videos,Test 140.mp4,3212,GHSD,F,train_3,2,1,2025-11-20T15:55:50
EHRAM Cohort 1 DARPA videos,Test 141.mp4,3213,GHSD,F,train_3,2,7,2025-11-20T16:00:33
EHRAM Cohort 1 DARPA videos,Test 142.mp4,3214,GHSD,F,train_3,2,7,2025-11-20T16:04:57
EHRAM Cohort 1 DARPA videos,Test 143.mp4,3208,NoSD,F,train_3,3,2,2025-11-20T16:08:55
EHRAM Cohort 1 DARPA videos,Test 144.mp4,3209,GHSD,F,train_3,3,2,2025-11-20T16:13:06
EHRAM Cohort 1 DARPA videos,Test 145.mp4,3210,GHSD,F,train_3,3,2,2025-11-20T16:17:28
EHRAM Cohort 1 DARPA videos,Test 146.mp4,3211,GHSD,F,train_3,3,6,2025-11-20T16:21:18
EHRAM Cohort 1 DARPA videos,Test 147.mp4,3212,GHSD,F,train_3,3,0,2025-11-20T16:24:54
EHRAM Cohort 1 DARPA videos,Test 148.mp4,3213,GHSD,F,train_3,3,5,2025-11-20T16:31:17
EHRAM Cohort 1 DARPA videos,Test 149.mp4,3214,GHSD,F,train_3,3,3,2025-11-20T16:34:38
EHRAM Cohort 1 DARPA videos,Test 150.mp4,3208,NoSD,F,train_3,4,7,2025-11-20T16:39:52
EHRAM Cohort 1 DARPA videos,Test 151.mp4,3209,GHSD,F,train_3,4,1,2025-11-20T16:43:43
EHRAM Cohort 1 DARPA videos,Test 152.mp4,3210,GHSD,F,train_3,4,2,2025-11-20T16:47:09
EHRAM Cohort 1 DARPA videos,Test 153.mp4,3211,GHSD,F,train_3,4,5,2025-11-20T16:51:24
EHRAM Cohort 1 DARPA videos,Test 154.mp4,3212,GHSD,F,train_3,4,7,2025-11-20T16:55:59
EHRAM Cohort 1 DARPA videos,Test 155.mp4,3213,GHSD,F,train_3,4,1,2025-11-20T17:00:01
EHRAM Cohort 1 DARPA videos,Test 156.mp4,3214,GHSD,F,train_3,4,5,2025-11-20T17:03:25
EHRAM Cohort 1 DARPA videos,Test 157.mp4,3201,RBSD,F,SD,1,1,2025-11-21T12:54:45
EHRAM Cohort 1 DARPA videos,Test 158.mp4,3202,RBSD,F,SD,1,1,2025-11-21T12:58:37
EHRAM Cohort 1 DARPA videos,Test 159.mp4,3203,RBSD,F,SD,1,5,2025-11-21T13:02:41
EHRAM Cohort 1 DARPA videos,Test 160.mp4,3205,RBSD,F,SD,1,5,2025-11-21T13:06:50
EHRAM Cohort 1 DARPA videos,Test 161.mp4,3206,RBSD,F,SD,1,3,2025-11-21T13:11:20
EHRAM Cohort 1 DARPA videos,Test 162.mp4,3207,RBSD,F,SD,1,4,2025-11-21T13:14:51
EHRAM Cohort 1 DARPA videos,Test 163.mp4,3201,RBSD,F,SD,2,3,2025-11-21T13:20:15
EHRAM Cohort 1 DARPA videos,Test 164.mp4,3202,RBSD,F,SD,2,2,2025-11-21T13:23:55
EHRAM Cohort 1 DARPA videos,Test 165.mp4,3203,RBSD,F,SD,2,3,2025-11-21T13:27:18
EHRAM Cohort 1 DARPA videos,Test 166.mp4,3205,RBSD,F,SD,2,0,2025-11-21T13:30:42
EHRAM Cohort 1 DARPA videos,Test 167.mp4,3206,RBSD,F,SD,2,0,2025-11-21T13:34:30
EHRAM Cohort 1 DARPA videos,Test 168.mp4,3207,RBSD,F,SD,2,0,2025-11-21T13:38:30
EHRAM Cohort 1 DARPA videos,Test 169.mp4,3201,RBSD,F,SD,3,1,2025-11-21T13:44:58
EHRAM Cohort 1 DARPA videos,Test 170.mp4,3202,RBSD,F,SD,3,4,2025-11-21T13:48:38
EHRAM Cohort 1 DARPA videos,Test 171.mp4,3203,RBSD,F,SD,3,2,2025-11-21T13:53:21
EHRAM Cohort 1 DARPA videos,Test 172.mp4,3205,RBSD,F,SD,3,6,2025-11-21T13:57:12
EHRAM Cohort 1 DARPA videos,Test 173.mp4,3206,RBSD,F,SD,3,5,2025-11-21T14:01:08
EHRAM Cohort 1 DARPA videos,Test 174.mp4,3207,RBSD,F,SD,3,3,2025-11-21T14:06:00
EHRAM Cohort 1 DARPA videos,Test 175.mp4,3201,RBSD,F,SD,4,4,2025-11-21T14:11:00
EHRAM Cohort 1 DARPA videos,Test 176.mp4,3202,RBSD,F,SD,4,4,2025-11-21T14:14:27
EHRAM Cohort 1 DARPA videos,Test 177.mp4,3203,RBSD,F,SD,4,2,2025-11-21T14:20:12
EHRAM Cohort 1 DARPA videos,Test 178.mp4,3205,RBSD,F,SD,4,4,2025-11-21T14:23:54
EHRAM Cohort 1 DARPA videos,Test 179.mp4,3206,RBSD,F,SD,4,0,2025-11-21T14:27:55
EHRAM Cohort 1 DARPA videos,Test 180.mp4,3207,RBSD,F,SD,4,0,2025-11-21T14:32:29
EHRAM Cohort 1 DARPA videos,Test 181.mp4,3208,NoSD,F,SD,1,5,2025-11-21T15:00:14
EHRAM Cohort 1 DARPA videos,Test 182.mp4,3209,GHSD,F,SD,1,2,2025-11-21T15:06:17
EHRAM Cohort 1 DARPA videos,Test 183.mp4,3210,GHSD,F,SD,1,5,2025-11-21T15:09:53
EHRAM Cohort 1 DARPA videos,Test 184.mp4,3211,GHSD,F,SD,1,4,2025-11-21T15:13:46
EHRAM Cohort 1 DARPA videos,Test 185.mp4,3212,GHSD,F,SD,1,5,2025-11-21T15:18:40
EHRAM Cohort 1 DARPA videos,Test 186.mp4,3213,GHSD,F,SD,1,0,2025-11-21T15:22:46
EHRAM Cohort 1 DARPA videos,Test 187.mp4,3214,GHSD,F,SD,1,0,2025-11-21T15:26:36
EHRAM Cohort 1 DARPA videos,Test 188.mp4,3208,NoSD,F,SD,2,3,2025-11-21T15:30:23
EHRAM Cohort 1 DARPA videos,Test 189.mp4,3209,GHSD,F,SD,2,5,2025-11-21T15:34:02
EHRAM Cohort 1 DARPA videos,Test 190.mp4,3210,GHSD,F,SD,2,6,2025-11-21T15:38:55
EHRAM Cohort 1 DARPA videos,Test 191.mp4,3211,GHSD,F,SD,2,7,2025-11-21T15:44:59
EHRAM Cohort 1 DARPA videos,Test 192.mp4,3212,GHSD,F,SD,2,2,2025-11-21T15:49:50
EHRAM Cohort 1 DARPA videos,Test 193.mp4,3213,GHSD,F,SD,2,7,2025-11-21T15:53:29
EHRAM Cohort 1 DARPA videos,Test 194.mp4,3214,GHSD,F,SD,2,1,2025-11-21T15:57:26
EHRAM Cohort 1 DARPA videos,Test 195.mp4,3208,NoSD,F,SD,3,3,2025-11-21T16:01:16
EHRAM Cohort 1 DARPA videos,Test 196.mp4,3209,GHSD,F,SD,3,2,2025-11-21T16:05:05
EHRAM Cohort 1 DARPA videos,Test 197.mp4,3210,GHSD,F,SD,3,2,2025-11-21T16:08:45
EHRAM Cohort 1 DARPA videos,Test 198.mp4,3211,GHSD,F,SD,3,1,2025-11-21T16:13:26
EHRAM Cohort 1 DARPA videos,Test 199.mp4,3212,GHSD,F,SD,3,1,2025-11-21T16:17:03
EHRAM Cohort 1 DARPA videos,Test 200.mp4,3213,GHSD,F,SD,3,3,2025-11-21T16:21:10
EHRAM Cohort 1 DARPA videos,Test 201.mp4,3214,GHSD,F,SD,3,5,2025-11-21T16:25:46
EHRAM Cohort 1 DARPA videos,Test 202.mp4,3208,NoSD,F,SD,4,5,2025-11-21T16:29:51
EHRAM Cohort 1 DARPA videos,Test 203.mp4,3209,GHSD,F,SD,4,7,2025-11-21T16:33:23
EHRAM Cohort 1 DARPA videos,Test 204.mp4,3210,GHSD,F,SD,4,7,2025-11-21T16:37:49
EHRAM Cohort 1 DARPA videos,Test 205.mp4,3211,GHSD,F,SD,4,7,2025-11-21T16:41:20
EHRAM Cohort 1 DARPA videos,Test 206.mp4,3212,GHSD,F,SD,4,7,2025-11-21T16:45:17
EHRAM Cohort 1 DARPA videos,Test 207.mp4,3213,GHSD,F,SD,4,2,2025-11-21T16:50:00
EHRAM Cohort 1 DARPA videos,Test 208.mp4,3214,GHSD,F,SD,4,0,2025-11-21T16:54:00
EHRAM Cohort 1 DARPA videos,Test 209.mp4,3201,RBSD,F,RECOV,1,5,2025-11-22T13:03:56
EHRAM Cohort 1 DARPA videos,Test 210.mp4,3202,RBSD,F,RECOV,1,3,2025-11-22T13:07:58
EHRAM Cohort 1 DARPA videos,Test 211.mp4,3203,RBSD,F,RECOV,1,1,2025-11-22T13:12:18
EHRAM Cohort 1 DARPA videos,Test 212.mp4,3205,RBSD,F,RECOV,1,3,2025-11-22T13:15:57
EHRAM Cohort 1 DARPA videos,Test 213.mp4,3206,RBSD,F,RECOV,1,6,2025-11-22T13:23:10
EHRAM Cohort 1 DARPA videos,Test 215.mp4,3201,RBSD,F,RECOV,2,2,2025-11-22T13:27:50
EHRAM Cohort 1 DARPA videos,Test 216.mp4,3202,RBSD,F,RECOV,2,6,2025-11-22T13:32:01
EHRAM Cohort 1 DARPA videos,Test 217.mp4,3203,RBSD,F,RECOV,2,5,2025-11-22T13:37:18
EHRAM Cohort 1 DARPA videos,Test 218.mp4,3205,RBSD,F,RECOV,2,2,2025-11-22T13:41:18
EHRAM Cohort 1 DARPA videos,Test 219.mp4,3206,RBSD,F,RECOV,2,3,2025-11-22T13:45:23
EHRAM Cohort 1 DARPA videos,Test 221.mp4,3201,RBSD,F,RECOV,3,1,2025-11-22T13:51:21
EHRAM Cohort 1 DARPA videos,Test 222.mp4,3202,RBSD,F,RECOV,3,7,2025-11-22T13:56:18
EHRAM Cohort 1 DARPA videos,Test 223.mp4,3203,RBSD,F,RECOV,3,6,2025-11-22T14:01:02
EHRAM Cohort 1 DARPA videos,Test 224.mp4,3205,RBSD,F,RECOV,3,7,2025-11-22T14:05:00
EHRAM Cohort 1 DARPA videos,Test 225.mp4,3206,RBSD,F,RECOV,3,0,2025-11-22T14:08:53
EHRAM Cohort 1 DARPA videos,Test 227.mp4,3201,RBSD,F,RECOV,4,7,2025-11-22T14:14:06
EHRAM Cohort 1 DARPA videos,Test 228.mp4,3202,RBSD,F,RECOV,4,0,2025-11-22T14:18:20
EHRAM Cohort 1 DARPA videos,Test 229.mp4,3203,RBSD,F,RECOV,4,0,2025-11-22T14:22:49
EHRAM Cohort 1 DARPA videos,Test 230.mp4,3205,RBSD,F,RECOV,4,1,2025-11-22T14:26:50
EHRAM Cohort 1 DARPA videos,Test 231.mp4,3206,RBSD,F,RECOV,4,5,2025-11-22T14:30:39
EHRAM Cohort 1 DARPA videos,Test 233.mp4,3208,NoSD,F,RECOV,1,2,2025-11-22T14:52:36
EHRAM Cohort 1 DARPA videos,Test 236.mp4,3211,GHSD,F,RECOV,1,7,2025-11-22T14:57:41
EHRAM Cohort 1 DARPA videos,Test 237.mp4,3212,GHSD,F,RECOV,1,1,2025-11-22T15:01:38
EHRAM Cohort 1 DARPA videos,Test 238.mp4,3213,GHSD,F,RECOV,1,0,2025-11-22T15:05:31
EHRAM Cohort 1 DARPA videos,Test 239.mp4,3214,GHSD,F,RECOV,1,6,2025-11-22T15:09:14
EHRAM Cohort 1 DARPA videos,Test 240.mp4,3208,NoSD,F,RECOV,2,6,2025-11-22T15:13:14
EHRAM Cohort 1 DARPA videos,Test 243.mp4,3211,GHSD,F,RECOV,2,7,2025-11-22T15:18:36
EHRAM Cohort 1 DARPA videos,Test 244.mp4,3212,GHSD,F,RECOV,2,3,2025-11-22T15:23:21
EHRAM Cohort 1 DARPA videos,Test 245.mp4,3213,GHSD,F,RECOV,2,3,2025-11-22T15:29:58
EHRAM Cohort 1 DARPA videos,Test 246.mp4,3214,GHSD,F,RECOV,2,0,2025-11-22T15:34:29
EHRAM Cohort 1 DARPA videos,Test 247.mp4,3208,NoSD,F,RECOV,3,6,2025-11-22T15:38:20
EHRAM Cohort 1 DARPA videos,Test 250.mp4,3211,GHSD,F,RECOV,3,1,2025-11-22T15:43:22
EHRAM Cohort 1 DARPA videos,Test 251.mp4,3212,GHSD,F,RECOV,3,2,2025-11-22T15:46:39
EHRAM Cohort 1 DARPA videos,Test 252.mp4,3213,GHSD,F,RECOV,3,3,2025-11-22T15:51:18
EHRAM Cohort 1 DARPA videos,Test 253.mp4,3214,GHSD,F,RECOV,3,2,2025-11-22T15:55:03
EHRAM Cohort 1 DARPA videos,Test 254.mp4,3208,NoSD,F,RECOV,4,2,2025-11-22T15:58:31
EHRAM Cohort 1 DARPA videos,Test 257.mp4,3211,GHSD,F,RECOV,4,7,2025-11-22T16:03:11
EHRAM Cohort 1 DARPA videos,Test 258.mp4,3212,GHSD,F,RECOV,4,4,2025-11-22T16:08:35
EHRAM Cohort 1 DARPA videos,Test 259.mp4,3213,GHSD,F,RECOV,4,5,2025-11-22T16:12:41
EHRAM Cohort 1 DARPA videos,Test 260.mp4,3214,GHSD,F,RECOV,4,4,2025-11-22T16:17:05
EHRAM Cohort 2 DARPA videos,Test 1.mp4,3215,RBSD,M,train_1,1,3,2025-12-08T12:19:34
EHRAM Cohort 2 DARPA videos,Test 2.mp4,3216,RBSD,M,train_1,1,5,2025-12-08T12:25:41
EHRAM Cohort 2 DARPA videos,Test 3.mp4,3217,RBSD,M,train_1,1,5,2025-12-08T12:31:28
EHRAM Cohort 2 DARPA videos,Test 4.mp4,3218,RBSD,M,train_1,1,5,2025-12-08T12:37:31
EHRAM Cohort 2 DARPA videos,Test 5.mp4,3219,RBSD,M,train_1,1,3,2025-12-08T12:44:36
EHRAM Cohort 2 DARPA videos,Test 6.mp4,3220,RBSD,M,train_1,1,6,2025-12-08T12:49:15
EHRAM Cohort 2 DARPA videos,Test 7.mp4,3221,NoSD,M,train_1,1,4,2025-12-08T12:51:59
EHRAM Cohort 2 DARPA videos,Test 8.mp4,3215,RBSD,M,train_1,2,7,2025-12-08T12:58:33
EHRAM Cohort 2 DARPA videos,Test 9.mp4,3216,RBSD,M,train_1,2,4,2025-12-08T13:02:49
EHRAM Cohort 2 DARPA videos,Test 10.mp4,3217,RBSD,M,train_1,2,5,2025-12-08T13:05:34
EHRAM Cohort 2 DARPA videos,Test 11.mp4,3218,RBSD,M,train_1,2,2,2025-12-08T13:08:21
EHRAM Cohort 2 DARPA videos,Test 12.mp4,3219,RBSD,M,train_1,2,5,2025-12-08T13:12:06
EHRAM Cohort 2 DARPA videos,Test 13.mp4,3220,RBSD,M,train_1,2,4,2025-12-08T13:14:47
EHRAM Cohort 2 DARPA videos,Test 14.mp4,3221,NoSD,M,train_1,2,6,2025-12-08T13:19:15
EHRAM Cohort 2 DARPA videos,Test 15.mp4,3215,RBSD,M,train_1,3,3,2025-12-08T13:22:50
EHRAM Cohort 2 DARPA videos,Test 16.mp4,3216,RBSD,M,train_1,3,6,2025-12-08T13:27:05
EHRAM Cohort 2 DARPA videos,Test 17.mp4,3217,RBSD,M,train_1,3,0,2025-12-08T13:31:15
EHRAM Cohort 2 DARPA videos,Test 18.mp4,3218,RBSD,M,train_1,3,5,2025-12-08T13:37:29
EHRAM Cohort 2 DARPA videos,Test 19.mp4,3219,RBSD,M,train_1,3,6,2025-12-08T13:40:48
EHRAM Cohort 2 DARPA videos,Test 20.mp4,3220,RBSD,M,train_1,3,5,2025-12-08T13:43:54
EHRAM Cohort 2 DARPA videos,Test 21.mp4,3221,NoSD,M,train_1,3,2,2025-12-08T13:47:35
EHRAM Cohort 2 DARPA videos,Test 22.mp4,3215,RBSD,M,train_1,4,7,2025-12-08T13:50:25
EHRAM Cohort 2 DARPA videos,Test 23.mp4,3216,RBSD,M,train_1,4,3,2025-12-08T13:56:14
EHRAM Cohort 2 DARPA videos,Test 24.mp4,3217,RBSD,M,train_1,4,2,2025-12-08T13:58:34
EHRAM Cohort 2 DARPA videos,Test 25.mp4,3218,RBSD,M,train_1,4,1,2025-12-08T14:02:44
EHRAM Cohort 2 DARPA videos,Test 26.mp4,3219,RBSD,M,train_1,4,4,2025-12-08T14:05:18
EHRAM Cohort 2 DARPA videos,Test 27.mp4,3220,RBSD,M,train_1,4,5,2025-12-08T14:08:18
EHRAM Cohort 2 DARPA videos,Test 28.mp4,3221,NoSD,M,train_1,4,0,2025-12-08T14:11:30
EHRAM Cohort 2 DARPA videos,Test 29 - Trim.mp4,3222,GHSD,M,train_1,1,1,2025-12-08T14:52:52
EHRAM Cohort 2 DARPA videos,Test 30.mp4,3223,GHSD,M,train_1,1,0,2025-12-08T14:57:29
EHRAM Cohort 2 DARPA videos,Test 31.mp4,3224,NoSD,M,train_1,1,0,2025-12-08T15:02:10
EHRAM Cohort 2 DARPA videos,Test 32.mp4,3225,GHSD,M,train_1,1,0,2025-12-08T15:08:28
EHRAM Cohort 2 DARPA videos,Test 33.mp4,3226,GHSD,M,train_1,1,2,2025-12-08T15:14:43
EHRAM Cohort 2 DARPA videos,Test 34.mp4,3227,GHSD,M,train_1,1,7,2025-12-08T15:18:43
EHRAM Cohort 2 DARPA videos,Test 35.mp4,3228,GHSD,M,train_1,1,3,2025-12-08T15:24:30
EHRAM Cohort 2 DARPA videos,Test 36.mp4,3222,GHSD,M,train_1,2,5,2025-12-08T15:27:44
EHRAM Cohort 2 DARPA videos,Test 37.mp4,3223,GHSD,M,train_1,2,5,2025-12-08T15:33:34
EHRAM Cohort 2 DARPA videos,Test 38.mp4,3224,NoSD,M,train_1,2,4,2025-12-08T15:39:40
EHRAM Cohort 2 DARPA videos,Test 39.mp4,3225,GHSD,M,train_1,2,0,2025-12-08T15:42:38
EHRAM Cohort 2 DARPA videos,Test 40.mp4,3226,GHSD,M,train_1,2,4,2025-12-08T15:48:02
EHRAM Cohort 2 DARPA videos,Test 41.mp4,3227,GHSD,M,train_1,2,2,2025-12-08T15:54:08
EHRAM Cohort 2 DARPA videos,Test 42.mp4,3228,GHSD,M,train_1,2,0,2025-12-08T16:00:32
EHRAM Cohort 2 DARPA videos,Test 43.mp4,3222,GHSD,M,train_1,3,4,2025-12-08T16:07:00
EHRAM Cohort 2 DARPA videos,Test 44.mp4,3223,GHSD,M,train_1,3,0,2025-12-08T16:13:11
EHRAM Cohort 2 DARPA videos,Test 45.mp4,3224,NoSD,M,train_1,3,0,2025-12-08T16:16:02
EHRAM Cohort 2 DARPA videos,Test 46.mp4,3225,GHSD,M,train_1,3,4,2025-12-08T16:18:28
EHRAM Cohort 2 DARPA videos,Test 47 - Trim.mp4,3226,GHSD,M,train_1,3,0,2025-12-08T16:21:30
EHRAM Cohort 2 DARPA videos,Test 48.mp4,3227,GHSD,M,train_1,3,2,2025-12-08T16:25:59
EHRAM Cohort 2 DARPA videos,Test 49.mp4,3228,GHSD,M,train_1,3,3,2025-12-08T16:30:11
EHRAM Cohort 2 DARPA videos,Test 50.mp4,3222,GHSD,M,train_1,4,2,2025-12-08T16:33:56
EHRAM Cohort 2 DARPA videos,Test 51.mp4,3223,GHSD,M,train_1,4,0,2025-12-08T16:37:03
EHRAM Cohort 2 DARPA videos,Test 52.mp4,3224,NoSD,M,train_1,4,7,2025-12-08T16:43:43
EHRAM Cohort 2 DARPA videos,Test 53.mp4,3225,GHSD,M,train_1,4,5,2025-12-08T16:46:30
EHRAM Cohort 2 DARPA videos,Test 54.mp4,3226,GHSD,M,train_1,4,3,2025-12-08T16:50:05
EHRAM Cohort 2 DARPA videos,Test 55.mp4,3227,GHSD,M,train_1,4,6,2025-12-08T16:53:17
EHRAM Cohort 2 DARPA videos,Test 56.mp4,3228,GHSD,M,train_1,4,6,2025-12-08T16:57:07
EHRAM Cohort 2 DARPA videos,3215 Training Day 2 12-09-25.mp4,3215,RBSD,M,train_2,1,6,2025-12-09T12:40:12
EHRAM Cohort 2 DARPA videos,3216 Training Day 2 12-09-25.mp4,3216,RBSD,M,train_2,1,4,2025-12-09T12:46:32
EHRAM Cohort 2 DARPA videos,3217 Training Day 2 12-09-25.mp4,3217,RBSD,M,train_2,1,7,2025-12-09T12:49:41
EHRAM Cohort 2 DARPA videos,3218 Training Day 2 12-09-25.mp4,3218,RBSD,M,train_2,1,5,2025-12-09T12:52:27
EHRAM Cohort 2 DARPA videos,3219 Training Day 2 12-09-25.mp4,3219,RBSD,M,train_2,1,2,2025-12-09T12:55:10
EHRAM Cohort 2 DARPA videos,3220 Training Day 2 12-09-25.mp4,3220,RBSD,M,train_2,1,1,2025-12-09T13:00:04
EHRAM Cohort 2 DARPA videos,3221 Training Day 2 12-09-25.mp4,3221,NoSD,M,train_2,1,2,2025-12-09T13:03:00
EHRAM Cohort 2 DARPA videos,3215 Training Day 2 12-09-25 (Test 64).mp4,3215,RBSD,M,train_2,2,3,2025-12-09T13:05:18
EHRAM Cohort 2 DARPA videos,3216 Training Day 2 12-09-25 (Test 65).mp4,3216,RBSD,M,train_2,2,0,2025-12-09T13:08:37
EHRAM Cohort 2 DARPA videos,3217 Training Day 2 12-09-25 (Test 66).mp4,3217,RBSD,M,train_2,2,0,2025-12-09T13:13:56
EHRAM Cohort 2 DARPA videos,3218 Training Day 2 12-09-25 (Test 67).mp4,3218,RBSD,M,train_2,2,5,2025-12-09T13:18:14
EHRAM Cohort 2 DARPA videos,3219 Training Day 2 12-09-25 (Test 68).mp4,3219,RBSD,M,train_2,2,0,2025-12-09T13:20:42
EHRAM Cohort 2 DARPA videos,3220 Training Day 2 12-09-25 (Test 69).mp4,3220,RBSD,M,train_2,2,6,2025-12-09T13:23:02
EHRAM Cohort 2 DARPA videos,3221 Training Day 2 12-09-25 (Test 70).mp4,3221,NoSD,M,train_2,2,5,2025-12-09T13:26:48
EHRAM Cohort 2 DARPA videos,3215 Training Day 2 12-09-25 (Test 71).mp4,3215,RBSD,M,train_2,3,7,2025-12-09T13:29:59
EHRAM Cohort 2 DARPA videos,3216 Training Day 2 12-09-25 (Test 72).mp4,3216,RBSD,M,train_2,3,4,2025-12-09T13:33:59
EHRAM Cohort 2 DARPA videos,3217 Training Day 2 12-09-25 (Test 73).mp4,3217,RBSD,M,train_2,3,5,2025-12-09T13:37:48
EHRAM Cohort 2 DARPA videos,3218 Training Day 2 12-09-25 (Test 74).mp4,3218,RBSD,M,train_2,3,2,2025-12-09T13:41:16
EHRAM Cohort 2 DARPA videos,3219 Training Day 2 12-09-25 (Test 75).mp4,3219,RBSD,M,train_2,3,3,2025-12-09T13:45:43
EHRAM Cohort 2 DARPA videos,3220 Training Day 2 12-09-25 (Test 76).mp4,3220,RBSD,M,train_2,3,3,2025-12-09T13:48:47
EHRAM Cohort 2 DARPA videos,3221 Training Day 2 12-09-25 (Test 77).mp4,3221,NoSD,M,train_2,3,3,2025-12-09T13:52:40
EHRAM Cohort 2 DARPA videos,3215 Training Day 2 12-09-25 (Test 78).mp4,3215,RBSD,M,train_2,4,1,2025-12-09T13:54:56
EHRAM Cohort 2 DARPA videos,3216 Training Day 2 12-09-25 (Test 79).mp4,3216,RBSD,M,train_2,4,4,2025-12-09T13:58:07
EHRAM Cohort 2 DARPA videos,3217 Training Day 2 12-09-25 (Test 80).mp4,3217,RBSD,M,train_2,4,4,2025-12-09T14:03:05
EHRAM Cohort 2 DARPA videos,3218 Training Day 2 12-09-25 (Test 81).mp4,3218,RBSD,M,train_2,4,0,2025-12-09T14:05:47
EHRAM Cohort 2 DARPA videos,3219 Training Day 2 12-09-25 (Test 82).mp4,3219,RBSD,M,train_2,4,7,2025-12-09T14:09:08
EHRAM Cohort 2 DARPA videos,3220 Training Day 2 12-09-25 (Test 83).mp4,3220,RBSD,M,train_2,4,3,2025-12-09T14:12:44
EHRAM Cohort 2 DARPA videos,3221 Training Day 2 12-09-25 (Test 84).mp4,3221,NoSD,M,train_2,4,7,2025-12-09T14:17:07
EHRAM Cohort 2 DARPA videos,3222 Training Day 2 12-09-25.mp4,3222,GHSD,M,train_2,1,5,2025-12-09T14:57:30
EHRAM Cohort 2 DARPA videos,3223 Training Day 2 12-09-25.mp4,3223,GHSD,M,train_2,1,4,2025-12-09T15:03:39
EHRAM Cohort 2 DARPA videos,3224 Training Day 2 12-09-25.mp4,3224,NoSD,M,train_2,1,4,2025-12-09T15:06:53
EHRAM Cohort 2 DARPA videos,3225 Training Day 2 12-09-25.mp4,3225,GHSD,M,train_2,1,3,2025-12-09T15:09:41
EHRAM Cohort 2 DARPA videos,3226 Training Day 2 12-09-25.mp4,3226,GHSD,M,train_2,1,5,2025-12-09T15:12:53
EHRAM Cohort 2 DARPA videos,3227 Training Day 2 12-09-25.mp4,3227,GHSD,M,train_2,1,4,2025-12-09T15:17:04
EHRAM Cohort 2 DARPA videos,3228 Training Day 2 12-09-25.mp4,3228,GHSD,M,train_2,1,6,2025-12-09T15:20:41
EHRAM Cohort 2 DARPA videos,3222 Training Day 2 12-09-25 (Test 92).mp4,3222,GHSD,M,train_2,2,6,2025-12-09T15:24:11
EHRAM Cohort 2 DARPA videos,3223 Training Day 2 12-09-25 (Test 93).mp4,3223,GHSD,M,train_2,2,4,2025-12-09T15:26:40
EHRAM Cohort 2 DARPA videos,3224 Training Day 2 12-09-25 (Test 94).mp4,3224,NoSD,M,train_2,2,4,2025-12-09T15:30:20
EHRAM Cohort 2 DARPA videos,3225 Training Day 2 12-09-25 (Test 95).mp4,3225,GHSD,M,train_2,2,6,2025-12-09T15:33:45
EHRAM Cohort 2 DARPA videos,3226 Training Day 2 12-09-25 (Test 96).mp4,3226,GHSD,M,train_2,2,5,2025-12-09T15:36:59
EHRAM Cohort 2 DARPA videos,3227 Training Day 2 12-09-25 (Test 97).mp4,3227,GHSD,M,train_2,2,5,2025-12-09T15:40:03
EHRAM Cohort 2 DARPA videos,3228 Training Day 2 12-09-25 (Test 98).mp4,3228,GHSD,M,train_2,2,2,2025-12-09T15:44:15
EHRAM Cohort 2 DARPA videos,3222 Training Day 2 12-09-25 (Test 99).mp4,3222,GHSD,M,train_2,3,7,2025-12-09T15:47:02
EHRAM Cohort 2 DARPA videos,3223 Training Day 2 12-09-25 (Test 100).mp4,3223,GHSD,M,train_2,3,6,2025-12-09T15:49:33
EHRAM Cohort 2 DARPA videos,3224 Training Day 2 12-09-25 (Test 101) - Trim.mp4,3224,NoSD,M,train_2,3,0,2025-12-09T15:55:34
EHRAM Cohort 2 DARPA videos,3225 Training Day 2 12-09-25 (Test 102).mp4,3225,GHSD,M,train_2,3,2,2025-12-09T15:58:53
EHRAM Cohort 2 DARPA videos,3226 Training Day 2 12-09-25 (Test 103).mp4,3226,GHSD,M,train_2,3,2,2025-12-09T16:01:06
EHRAM Cohort 2 DARPA videos,3227 Training Day 2 12-09-25 (Test 104).mp4,3227,GHSD,M,train_2,3,7,2025-12-09T16:05:04
EHRAM Cohort 2 DARPA videos,3228 Training Day 2 12-09-25 (Test 105).mp4,3228,GHSD,M,train_2,3,3,2025-12-09T16:08:15
EHRAM Cohort 2 DARPA videos,3222 Training Day 2 12-09-25 (Test 106).mp4,3222,GHSD,M,train_2,4,7,2025-12-09T16:11:45
EHRAM Cohort 2 DARPA videos,3223 Training Day 2 12-09-25 (Test 107).mp4,3223,GHSD,M,train_2,4,1,2025-12-09T16:14:40
EHRAM Cohort 2 DARPA videos,3224 Training Day 2 12-09-25 (Test 108).mp4,3224,NoSD,M,train_2,4,4,2025-12-09T16:17:06
EHRAM Cohort 2 DARPA videos,3225 Training Day 2 12-09-25 (Test 109).mp4,3225,GHSD,M,train_2,4,5,2025-12-09T16:22:18
EHRAM Cohort 2 DARPA videos,3226 Training Day 2 12-09-25 (Test 110).mp4,3226,GHSD,M,train_2,4,6,2025-12-09T16:24:58
EHRAM Cohort 2 DARPA videos,3227 Training Day 2 12-09-25 (Test 111).mp4,3227,GHSD,M,train_2,4,7,2025-12-09T16:29:18
EHRAM Cohort 2 DARPA videos,3228 Training Day 2 12-09-25 (Test 112).mp4,3228,GHSD,M,train_2,4,5,2025-12-09T16:31:33
EHRAM Cohort 2 DARPA videos,3215 Training Day 3 12-10-25.mp4,3215,RBSD,M,train_3,1,1,2025-12-10T12:33:25
EHRAM Cohort 2 DARPA videos,3216 Training Day 3 12-10-25.mp4,3216,RBSD,M,train_3,1,0,2025-12-10T12:35:53
EHRAM Cohort 2 DARPA videos,3217 Training Day 3 12-10-25.mp4,3217,RBSD,M,train_3,1,2,2025-12-10T12:40:11
EHRAM Cohort 2 DARPA videos,3218 Training Day 3 12-10-25.mp4,3218,RBSD,M,train_3,1,4,2025-12-10T12:42:08
EHRAM Cohort 2 DARPA videos,3219 Training Day 3 12-10-25.mp4,3219,RBSD,M,train_3,1,2,2025-12-10T12:44:27
EHRAM Cohort 2 DARPA videos,3220 Training Day 3 12-10-25.mp4,3220,RBSD,M,train_3,1,7,2025-12-10T12:46:39
EHRAM Cohort 2 DARPA videos,3221 Training Day 3 12-10-25.mp4,3221,NoSD,M,train_3,1,4,2025-12-10T12:50:24
EHRAM Cohort 2 DARPA videos,3215 Training Day 3 12-10-25 (Test 120).mp4,3215,RBSD,M,train_3,2,6,2025-12-10T12:53:36
EHRAM Cohort 2 DARPA videos,3216 Training Day 3 12-10-25 (Test 121).mp4,3216,RBSD,M,train_3,2,3,2025-12-10T12:57:07
EHRAM Cohort 2 DARPA videos,3217 Training Day 3 12-10-25 (Test 122).mp4,3217,RBSD,M,train_3,2,6,2025-12-10T12:59:34
EHRAM Cohort 2 DARPA videos,3218 Training Day 3 12-10-25 (Test 123).mp4,3218,RBSD,M,train_3,2,0,2025-12-10T13:03:32
EHRAM Cohort 2 DARPA videos,3219 Training Day 3 12-10-25 (Test 124).mp4,3219,RBSD,M,train_3,2,4,2025-12-10T13:08:55
EHRAM Cohort 2 DARPA videos,3220 Training Day 3 12-10-25 (Test 125).mp4,3220,RBSD,M,train_3,2,4,2025-12-10T13:11:32
EHRAM Cohort 2 DARPA videos,3221 Training Day 3 12-10-25 (Test 126).mp4,3221,NoSD,M,train_3,2,2,2025-12-10T13:14:16
EHRAM Cohort 2 DARPA videos,3215 Training Day 3 12-10-25 (Test 127).mp4,3215,RBSD,M,train_3,3,3,2025-12-10T13:16:12
EHRAM Cohort 2 DARPA videos,3216 Training Day 3 12-10-25 (Test 128).mp4,3216,RBSD,M,train_3,3,7,2025-12-10T13:22:00
EHRAM Cohort 2 DARPA videos,3217 Training Day 3 12-10-25 (Test 129).mp4,3217,RBSD,M,train_3,3,7,2025-12-10T13:25:09
EHRAM Cohort 2 DARPA videos,3218 Training Day 3 12-10-25 (Test 130).mp4,3218,RBSD,M,train_3,3,4,2025-12-10T13:27:31
EHRAM Cohort 2 DARPA videos,3219 Training Day 3 12-10-25 (Test 131).mp4,3219,RBSD,M,train_3,3,7,2025-12-10T13:29:50
EHRAM Cohort 2 DARPA videos,3220 Training Day 3 12-10-25 (Test 132).mp4,3220,RBSD,M,train_3,3,0,2025-12-10T13:31:44
EHRAM Cohort 2 DARPA videos,3221 Training Day 3 12-10-25 (Test 133).mp4,3221,NoSD,M,train_3,3,2,2025-12-10T13:36:15
EHRAM Cohort 2 DARPA videos,3215 Training Day 3 12-10-25 (Test 134).mp4,3215,RBSD,M,train_3,4,1,2025-12-10T13:38:32
EHRAM Cohort 2 DARPA videos,3216 Training Day 3 12-10-25 (Test 135).mp4,3216,RBSD,M,train_3,4,4,2025-12-10T13:41:14
EHRAM Cohort 2 DARPA videos,3217 Training Day 3 12-10-25 (Test 136).mp4,3217,RBSD,M,train_3,4,4,2025-12-10T13:44:05
EHRAM Cohort 2 DARPA videos,3218 Training Day 3 12-10-25 (Test 137).mp4,3218,RBSD,M,train_3,4,6,2025-12-10T13:46:38
EHRAM Cohort 2 DARPA videos,3219 Training Day 3 12-10-25 (Test 138).mp4,3219,RBSD,M,train_3,4,5,2025-12-10T13:51:24
EHRAM Cohort 2 DARPA videos,3220 Training Day 3 12-10-25 (Test 139).mp4,3220,RBSD,M,train_3,4,6,2025-12-10T13:53:58
EHRAM Cohort 2 DARPA videos,3221 Training Day 3 12-10-25 (Test 140).mp4,3221,NoSD,M,train_3,4,0,2025-12-10T13:57:41
EHRAM Cohort 2 DARPA videos,3222 Training Day 3 12-10-25.mp4,3222,GHSD,M,train_3,1,2,2025-12-10T15:12:22
EHRAM Cohort 2 DARPA videos,3223 Training Day 3 12-10-25.mp4,3223,GHSD,M,train_3,1,0,2025-12-10T15:16:56
EHRAM Cohort 2 DARPA videos,3224 Training Day 3 12-10-25.mp4,3224,NoSD,M,train_3,1,3,2025-12-10T15:20:45
EHRAM Cohort 2 DARPA videos,3225 Training Day 3 12-10-25.mp4,3225,GHSD,M,train_3,1,6,2025-12-10T15:22:56
EHRAM Cohort 2 DARPA videos,3226 Training Day 3 12-10-25.mp4,3226,GHSD,M,train_3,1,7,2025-12-10T15:25:33
EHRAM Cohort 2 DARPA videos,3227 Training Day 3 12-10-25.mp4,3227,GHSD,M,train_3,1,5,2025-12-10T15:28:43
EHRAM Cohort 2 DARPA videos,3228 Training Day 3 12-10-25.mp4,3228,GHSD,M,train_3,1,4,2025-12-10T15:34:42
EHRAM Cohort 2 DARPA videos,3222 Training Day 3 12-10-25 (Test 148).mp4,3222,GHSD,M,train_3,2,0,2025-12-10T15:36:57
EHRAM Cohort 2 DARPA videos,3223 Training Day 3 12-10-25 (Test 149).mp4,3223,GHSD,M,train_3,2,5,2025-12-10T15:39:44
EHRAM Cohort 2 DARPA videos,3224 Training Day 3 12-10-25 (Test 150).mp4,3224,NoSD,M,train_3,2,5,2025-12-10T15:42:57
EHRAM Cohort 2 DARPA videos,3225 Training Day 3 12-10-25 (Test 151).mp4,3225,GHSD,M,train_3,2,2,2025-12-10T15:47:24
EHRAM Cohort 2 DARPA videos,3226 Training Day 3 12-10-25 (Test 152).mp4,3226,GHSD,M,train_3,2,6,2025-12-10T15:49:39
EHRAM Cohort 2 DARPA videos,3227 Training Day 3 12-10-25 (Test 153).mp4,3227,GHSD,M,train_3,2,7,2025-12-10T15:53:15
EHRAM Cohort 2 DARPA videos,3228 Training Day 3 12-10-25 (Test 154).mp4,3228,GHSD,M,train_3,2,3,2025-12-10T15:55:58
EHRAM Cohort 2 DARPA videos,3222 Training Day 3 12-10-25 (Test 155).mp4,3222,GHSD,M,train_3,3,7,2025-12-10T15:58:18
EHRAM Cohort 2 DARPA videos,3223 Training Day 3 12-10-25 (Test 156).mp4,3223,GHSD,M,train_3,3,4,2025-12-10T16:01:04
EHRAM Cohort 2 DARPA videos,3224 Training Day 3 12-10-25 (Test 157).mp4,3224,NoSD,M,train_3,3,3,2025-12-10T16:03:05
EHRAM Cohort 2 DARPA videos,3225 Training Day 3 12-10-25 (Test 158).mp4,3225,GHSD,M,train_3,3,1,2025-12-10T16:06:37
EHRAM Cohort 2 DARPA videos,3226 Training Day 3 12-10-25 (Test 159).mp4,3226,GHSD,M,train_3,3,3,2025-12-10T16:08:32
EHRAM Cohort 2 DARPA videos,3227 Training Day 3 12-10-25 (Test 160).mp4,3227,GHSD,M,train_3,3,7,2025-12-10T16:11:16
EHRAM Cohort 2 DARPA videos,3228 Training Day 3 12-10-25 (Test 161).mp4,3228,GHSD,M,train_3,3,4,2025-12-10T16:14:33
EHRAM Cohort 2 DARPA videos,3222 Training Day 3 12-10-25 (Test 162).mp4,3222,GHSD,M,train_3,4,7,2025-12-10T16:17:08
EHRAM Cohort 2 DARPA videos,3223 Training Day 3 12-10-25 (Test 163).mp4,3223,GHSD,M,train_3,4,5,2025-12-10T16:19:47
EHRAM Cohort 2 DARPA videos,3224 Training Day 3 12-10-25 (Test 164).mp4,3224,NoSD,M,train_3,4,5,2025-12-10T16:22:14
EHRAM Cohort 2 DARPA videos,3225 Training Day 3 12-10-25 (Test 165).mp4,3225,GHSD,M,train_3,4,2,2025-12-10T16:24:31
EHRAM Cohort 2 DARPA videos,3226 Training Day 3 12-10-25 (Test 166).mp4,3226,GHSD,M,train_3,4,3,2025-12-10T16:26:49
EHRAM Cohort 2 DARPA videos,3227 Training Day 3 12-10-25 (Test 167).mp4,3227,GHSD,M,train_3,4,2,2025-12-10T16:29:40
EHRAM Cohort 2 DARPA videos,3228 Training Day 3 12-10-25 (Test 168).mp4,3228,GHSD,M,train_3,4,7,2025-12-10T16:33:39
EHRAM Cohort 2 DARPA videos,3215 SD Day 12-11-25.mp4,3215,RBSD,M,SD,1,2,2025-12-11T12:55:07
EHRAM Cohort 2 DARPA videos,3216 SD Day 12-11-25.mp4,3216,RBSD,M,SD,1,2,2025-12-11T12:58:10
EHRAM Cohort 2 DARPA videos,3217 SD Day 12-11-25.mp4,3217,RBSD,M,SD,1,3,2025-12-11T13:03:54
EHRAM Cohort 2 DARPA videos,3218 SD Day 12-11-25.mp4,3218,RBSD,M,SD,1,7,2025-12-11T13:07:28
EHRAM Cohort 2 DARPA videos,3219 SD Day 12-11-25.mp4,3219,RBSD,M,SD,1,7,2025-12-11T13:10:13
EHRAM Cohort 2 DARPA videos,3220 SD Day 12-11-25.mp4,3220,RBSD,M,SD,1,2,2025-12-11T13:13:06
EHRAM Cohort 2 DARPA videos,3221 SD Day 12-11-25.mp4,3221,NoSD,M,SD,1,7,2025-12-11T13:16:07
EHRAM Cohort 2 DARPA videos,3215 SD Day 12-11-25 (Test 176).mp4,3215,RBSD,M,SD,2,6,2025-12-11T13:18:42
EHRAM Cohort 2 DARPA videos,3216 SD Day 12-11-25 (Test 177).mp4,3216,RBSD,M,SD,2,0,2025-12-11T13:23:25
EHRAM Cohort 2 DARPA videos,3217 SD Day 12-11-25 (Test 178).mp4,3217,RBSD,M,SD,2,4,2025-12-11T13:26:15
EHRAM Cohort 2 DARPA videos,3218 SD Day 12-11-25 (Test 179).mp4,3218,RBSD,M,SD,2,2,2025-12-11T13:30:07
EHRAM Cohort 2 DARPA videos,3219 SD Day 12-11-25 (Test 180).mp4,3219,RBSD,M,SD,2,6,2025-12-11T13:33:45
EHRAM Cohort 2 DARPA videos,3220 SD Day 12-11-25 (Test 181).mp4,3220,RBSD,M,SD,2,1,2025-12-11T13:37:33
EHRAM Cohort 2 DARPA videos,3221 SD Day 12-11-25 (Test 182).mp4,3221,NoSD,M,SD,2,3,2025-12-11T13:41:14
EHRAM Cohort 2 DARPA videos,3215 SD Day 12-11-25 (Test 183).mp4,3215,RBSD,M,SD,3,4,2025-12-11T13:43:22
EHRAM Cohort 2 DARPA videos,3216 SD Day 12-11-25 (Test 184).mp4,3216,RBSD,M,SD,3,6,2025-12-11T13:46:55
EHRAM Cohort 2 DARPA videos,3217 SD Day 12-11-25 (Test 185).mp4,3217,RBSD,M,SD,3,5,2025-12-11T13:52:24
EHRAM Cohort 2 DARPA videos,3218 SD Day 12-11-25 (Test 186).mp4,3218,RBSD,M,SD,3,6,2025-12-11T13:54:44
EHRAM Cohort 2 DARPA videos,3219 SD Day 12-11-25 (Test 187).mp4,3219,RBSD,M,SD,3,1,2025-12-11T13:58:10
EHRAM Cohort 2 DARPA videos,3220 SD Day 12-11-25 (Test 188).mp4,3220,RBSD,M,SD,3,1,2025-12-11T14:00:56
EHRAM Cohort 2 DARPA videos,3221 SD Day 12-11-25 (Test 189).mp4,3221,NoSD,M,SD,3,5,2025-12-11T14:03:49
EHRAM Cohort 2 DARPA videos,3215 SD Day 12-11-25 (Test 190).mp4,3215,RBSD,M,SD,4,4,2025-12-11T14:06:33
EHRAM Cohort 2 DARPA videos,3216 SD Day 12-11-25 (Test 191).mp4,3216,RBSD,M,SD,4,7,2025-12-11T14:09:14
EHRAM Cohort 2 DARPA videos,3217 SD Day 12-11-25 (Test 192).mp4,3217,RBSD,M,SD,4,3,2025-12-11T14:12:11
EHRAM Cohort 2 DARPA videos,3218 SD Day 12-11-25 (Test 193).mp4,3218,RBSD,M,SD,4,5,2025-12-11T14:16:48
EHRAM Cohort 2 DARPA videos,3219 SD Day 12-11-25 (Test 194).mp4,3219,RBSD,M,SD,4,5,2025-12-11T14:19:21
EHRAM Cohort 2 DARPA videos,3220 SD Day 12-11-25 (Test 195).mp4,3220,RBSD,M,SD,4,2,2025-12-11T14:21:52
EHRAM Cohort 2 DARPA videos,3221 SD Day 12-11-25 (Test 196).mp4,3221,NoSD,M,SD,4,2,2025-12-11T14:24:52
EHRAM Cohort 2 DARPA videos,3222 SD Day 12-11-25.mp4,3222,GHSD,M,SD,1,4,2025-12-11T14:54:12
EHRAM Cohort 2 DARPA videos,3223 SD Day 12-11-25.mp4,3223,GHSD,M,SD,1,4,2025-12-11T14:58:28
EHRAM Cohort 2 DARPA videos,3224 SD Day 12-11-25.mp4,3224,NoSD,M,SD,1,4,2025-12-11T15:00:56
EHRAM Cohort 2 DARPA videos,3225 SD Day 12-11-25.mp4,3225,GHSD,M,SD,1,0,2025-12-11T15:03:14
EHRAM Cohort 2 DARPA videos,3226 SD Day 12-11-25.mp4,3226,GHSD,M,SD,1,2,2025-12-11T15:08:40
EHRAM Cohort 2 DARPA videos,3227 SD Day 12-11-25.mp4,3227,GHSD,M,SD,1,0,2025-12-11T15:11:39
EHRAM Cohort 2 DARPA videos,3228 SD Day 12-11-25.mp4,3228,GHSD,M,SD,1,0,2025-12-11T15:14:28
EHRAM Cohort 2 DARPA videos,3222 SD Day 12-11-25 (Test 204).mp4,3222,GHSD,M,SD,2,5,2025-12-11T15:17:26
EHRAM Cohort 2 DARPA videos,3223 SD Day 12-11-25 (Test 205).mp4,3223,GHSD,M,SD,2,6,2025-12-11T15:19:29
EHRAM Cohort 2 DARPA videos,3224 SD Day 12-11-25 (Test 206).mp4,3224,NoSD,M,SD,2,6,2025-12-11T15:22:11
EHRAM Cohort 2 DARPA videos,3225 SD Day 12-11-25 (Test 207).mp4,3225,GHSD,M,SD,2,3,2025-12-11T15:25:50
EHRAM Cohort 2 DARPA videos,3226 SD Day 12-11-25 (Test 208).mp4,3226,GHSD,M,SD,2,5,2025-12-11T15:28:44
EHRAM Cohort 2 DARPA videos,3227 SD Day 12-11-25 (Test 209).mp4,3227,GHSD,M,SD,2,5,2025-12-11T15:31:19
EHRAM Cohort 2 DARPA videos,3228 SD Day 12-11-25 (Test 210).mp4,3228,GHSD,M,SD,2,5,2025-12-11T15:33:42
EHRAM Cohort 2 DARPA videos,3222 SD Day 12-11-25 (Test 211).mp4,3222,GHSD,M,SD,3,2,2025-12-11T15:35:53
EHRAM Cohort 2 DARPA videos,3223 SD Day 12-11-25 (Test 212).mp4,3223,GHSD,M,SD,3,0,2025-12-11T15:39:03
EHRAM Cohort 2 DARPA videos,3224 SD Day 12-11-25 (Test 213).mp4,3224,NoSD,M,SD,3,7,2025-12-11T15:43:05
EHRAM Cohort 2 DARPA videos,3225 SD Day 12-11-25 (Test 214).mp4,3225,GHSD,M,SD,3,0,2025-12-11T15:45:08
EHRAM Cohort 2 DARPA videos,3226 SD Day 12-11-25 (Test 215).mp4,3226,GHSD,M,SD,3,4,2025-12-11T15:48:35
EHRAM Cohort 2 DARPA videos,3227 SD Day 12-11-25 (Test 216).mp4,3227,GHSD,M,SD,3,3,2025-12-11T15:52:28
EHRAM Cohort 2 DARPA videos,3228 SD Day 12-11-25 (Test 217).mp4,3228,GHSD,M,SD,3,3,2025-12-11T15:58:22
EHRAM Cohort 2 DARPA videos,3222 SD Day 12-11-25 (Test 218).mp4,3222,GHSD,M,SD,4,3,2025-12-11T16:02:02
EHRAM Cohort 2 DARPA videos,3223 SD Day 12-11-25 (Test 219).mp4,3223,GHSD,M,SD,4,2,2025-12-11T16:04:58
EHRAM Cohort 2 DARPA videos,3224 SD Day 12-11-25 (Test 220).mp4,3224,NoSD,M,SD,4,0,2025-12-11T16:08:11
EHRAM Cohort 2 DARPA videos,3225 SD Day 12-11-25 (Test 221).mp4,3225,GHSD,M,SD,4,6,2025-12-11T16:12:11
EHRAM Cohort 2 DARPA videos,3226 SD Day 12-11-25 (Test 222).mp4,3226,GHSD,M,SD,4,0,2025-12-11T16:15:33
EHRAM Cohort 2 DARPA videos,3227 SD Day 12-11-25 (Test 223).mp4,3227,GHSD,M,SD,4,7,2025-12-11T16:19:02
EHRAM Cohort 2 DARPA videos,3228 SD Day 12-11-25 (Test 224).mp4,3228,GHSD,M,SD,4,2,2025-12-11T16:21:11
EHRAM Cohort 2 DARPA videos,3216 Recovery Day 12-12-25.mp4,3216,RBSD,M,RECOV,1,5,2025-12-12T12:44:00
EHRAM Cohort 2 DARPA videos,3217 Recovery Day 12-12-25.mp4,3217,RBSD,M,RECOV,1,2,2025-12-12T12:46:56
EHRAM Cohort 2 DARPA videos,3218 Recovery Day 12-12-25.mp4,3218,RBSD,M,RECOV,1,4,2025-12-12T12:49:08
EHRAM Cohort 2 DARPA videos,3219 Recovery Day 12-12-25.mp4,3219,RBSD,M,RECOV,1,2,2025-12-12T12:51:19
EHRAM Cohort 2 DARPA videos,3220 Recovery Day 12-12-25.mp4,3220,RBSD,M,RECOV,1,6,2025-12-12T12:53:32
EHRAM Cohort 2 DARPA videos,3221 Recovery Day 12-12-25.mp4,3221,NoSD,M,RECOV,1,0,2025-12-12T12:56:51
EHRAM Cohort 2 DARPA videos,3216 Recovery Day 12-12-25 (Test 233).mp4,3216,RBSD,M,RECOV,2,6,2025-12-12T13:00:13
EHRAM Cohort 2 DARPA videos,3217 Recovery Day 12-12-25 (Test 234).mp4,3217,RBSD,M,RECOV,2,3,2025-12-12T13:02:54
EHRAM Cohort 2 DARPA videos,3218 Recovery Day 12-12-25 (Test 235).mp4,3218,RBSD,M,RECOV,2,5,2025-12-12T13:05:24
EHRAM Cohort 2 DARPA videos,3219 Recovery Day 12-12-25 (Test 236).mp4,3219,RBSD,M,RECOV,2,6,2025-12-12T13:08:13
EHRAM Cohort 2 DARPA videos,3220 Recovery Day 12-12-25 (Test 237).mp4,3220,RBSD,M,RECOV,2,3,2025-12-12T13:10:08
EHRAM Cohort 2 DARPA videos,3221 Recovery Day 12-12-25 (Test 238).mp4,3221,NoSD,M,RECOV,2,6,2025-12-12T13:13:04
EHRAM Cohort 2 DARPA videos,3216 Recovery Day 12-12-25 (Test 240).mp4,3216,RBSD,M,RECOV,3,2,2025-12-12T13:15:41
EHRAM Cohort 2 DARPA videos,3217 Recovery Day 12-12-25 (Test 241).mp4,3217,RBSD,M,RECOV,3,2,2025-12-12T13:17:39
EHRAM Cohort 2 DARPA videos,3218 Recovery Day 12-12-25 (Test 242).mp4,3218,RBSD,M,RECOV,3,1,2025-12-12T13:19:30
EHRAM Cohort 2 DARPA videos,3219 Recovery Day 12-12-25 (Test 243).mp4,3219,RBSD,M,RECOV,3,5,2025-12-12T13:23:06
EHRAM Cohort 2 DARPA videos,3220 Recovery Day 12-12-25 (Test 244).mp4,3220,RBSD,M,RECOV,3,1,2025-12-12T13:25:22
EHRAM Cohort 2 DARPA videos,3221 Recovery Day 12-12-25 (Test 245).mp4,3221,NoSD,M,RECOV,3,4,2025-12-12T13:27:47
EHRAM Cohort 2 DARPA videos,3216 Recovery Day 12-12-25 (Test 247).mp4,3216,RBSD,M,RECOV,4,7,2025-12-12T13:31:22
EHRAM Cohort 2 DARPA videos,3217 Recovery Day 12-12-25 (Test 248).mp4,3217,RBSD,M,RECOV,4,7,2025-12-12T13:33:48
EHRAM Cohort 2 DARPA videos,3218 Recovery Day 12-12-25 (Test 249).mp4,3218,RBSD,M,RECOV,4,0,2025-12-12T13:36:12
EHRAM Cohort 2 DARPA videos,3219 Recovery Day 12-12-25 (Test 250).mp4,3219,RBSD,M,RECOV,4,2,2025-12-12T13:40:05
EHRAM Cohort 2 DARPA videos,3220 Recovery Day 12-12-25 (Test 251).mp4,3220,RBSD,M,RECOV,4,6,2025-12-12T13:42:33
EHRAM Cohort 2 DARPA videos,3221 Recovery Day 12-12-25 (Test 252).mp4,3221,NoSD,M,RECOV,4,5,2025-12-12T13:46:22
EHRAM Cohort 2 DARPA videos,3222 Recovery Day 12-12-25.mp4,3222,GHSD,M,RECOV,1,4,2025-12-12T14:32:29
EHRAM Cohort 2 DARPA videos,3223 Recovery Day 12-12-25.mp4,3223,GHSD,M,RECOV,1,4,2025-12-12T14:34:54
EHRAM Cohort 2 DARPA videos,3224 Recovery Day 12-12-25.mp4,3224,NoSD,M,RECOV,1,1,2025-12-12T14:40:11
EHRAM Cohort 2 DARPA videos,3225 Recovery Day 12-12-25.mp4,3225,GHSD,M,RECOV,1,5,2025-12-12T14:44:25
EHRAM Cohort 2 DARPA videos,3226 Recovery Day 12-12-25.mp4,3226,GHSD,M,RECOV,1,6,2025-12-12T14:47:44
EHRAM Cohort 2 DARPA videos,3227 Recovery Day 12-12-25.mp4,3227,GHSD,M,RECOV,1,1,2025-12-12T14:53:35
EHRAM Cohort 2 DARPA videos,3228 Recovery Day 12-12-25.mp4,3228,GHSD,M,RECOV,1,5,2025-12-12T14:56:50
EHRAM Cohort 2 DARPA videos,3222 Recovery Day 12-12-25 (Test 260).mp4,3222,GHSD,M,RECOV,2,5,2025-12-12T14:58:51
EHRAM Cohort 2 DARPA videos,3223 Recovery Day 12-12-25 (Test 261).mp4,3223,GHSD,M,RECOV,2,0,2025-12-12T15:01:00
EHRAM Cohort 2 DARPA videos,3224 Recovery Day 12-12-25 (Test 262).mp4,3224,NoSD,M,RECOV,2,6,2025-12-12T15:04:04
EHRAM Cohort 2 DARPA videos,3225 Recovery Day 12-12-25 (Test 263).mp4,3225,GHSD,M,RECOV,2,2,2025-12-12T15:07:39
EHRAM Cohort 2 DARPA videos,3226 Recovery Day 12-12-25 (Test 264).mp4,3226,GHSD,M,RECOV,2,7,2025-12-12T15:10:50
EHRAM Cohort 2 DARPA videos,3227 Recovery Day 12-12-25 (Test 265).mp4,3227,GHSD,M,RECOV,2,7,2025-12-12T15:14:29
EHRAM Cohort 2 DARPA videos,3228 Recovery Day 12-12-25 (Test 266).mp4,3228,GHSD,M,RECOV,2,0,2025-12-12T15:16:54
EHRAM Cohort 2 DARPA videos,3222 Recovery Day 12-12-25 (Test 267).mp4,3222,GHSD,M,RECOV,3,5,2025-12-12T15:19:42
EHRAM Cohort 2 DARPA videos,3223 Recovery Day 12-12-25 (Test 268).mp4,3223,GHSD,M,RECOV,3,6,2025-12-12T15:22:12
EHRAM Cohort 2 DARPA videos,3224 Recovery Day 12-12-25 (Test 269).mp4,3224,NoSD,M,RECOV,3,5,2025-12-12T15:25:43
EHRAM Cohort 2 DARPA videos,3225 Recovery Day 12-12-25 (Test 270).mp4,3225,GHSD,M,RECOV,3,3,2025-12-12T15:28:23
EHRAM Cohort 2 DARPA videos,3226 Recovery Day 12-12-25 (Test 271).mp4,3226,GHSD,M,RECOV,3,5,2025-12-12T15:30:44
EHRAM Cohort 2 DARPA videos,3227 Recovery Day 12-12-25 (Test 272).mp4,3227,GHSD,M,RECOV,3,6,2025-12-12T15:35:11
EHRAM Cohort 2 DARPA videos,3228 Recovery Day 12-12-25 (Test 273).mp4,3228,GHSD,M,RECOV,3,1,2025-12-12T15:38:05
EHRAM Cohort 2 DARPA videos,3222 Recovery Day 12-12-25 (Test 274).mp4,3222,GHSD,M,RECOV,4,5,2025-12-12T15:40:28
EHRAM Cohort 2 DARPA videos,3223 Recovery Day 12-12-25 (Test 275).mp4,3223,GHSD,M,RECOV,4,4,2025-12-12T15:42:31
EHRAM Cohort 2 DARPA videos,3224 Recovery Day 12-12-25 (Test 276).mp4,3224,NoSD,M,RECOV,4,2,2025-12-12T15:45:14
EHRAM Cohort 2 DARPA videos,3225 Recovery Day 12-12-25 (Test 277).mp4,3225,GHSD,M,RECOV,4,6,2025-12-12T15:47:48
EHRAM Cohort 2 DARPA videos,3226 Recovery Day 12-12-25 (Test 278).mp4,3226,GHSD,M,RECOV,4,6,2025-12-12T15:52:18
EHRAM Cohort 2 DARPA videos,3227 Recovery Day 12-12-25 (Test 279).mp4,3227,GHSD,M,RECOV,4,2,2025-12-12T15:54:43
EHRAM Cohort 2 DARPA videos,3228 Recovery Day 12-12-25 (Test 280).mp4,3228,GHSD,M,RECOV,4,3,2025-12-12T15:57:09
EHRAM Cohort 3 videos,3236 Training Day1 12-15-25.mp4,3236,NoSD,M,train_1,1,3,2025-12-15T08:11:39
EHRAM Cohort 3 videos,3237 Training Day1 12-15-25.mp4,3237,NoSD,M,train_1,1,4,2025-12-15T08:17:35
EHRAM Cohort 3 videos,3238 Training Day1 12-15-25.mp4,3238,NoSD,M,train_1,1,7,2025-12-15T08:23:50
EHRAM Cohort 3 videos,3239 Training Day1 12-15-25.mp4,3239,NoSD,M,train_1,1,4,2025-12-15T08:29:59
EHRAM Cohort 3 videos,3240 Training Day1 12-15-25.mp4,3240,NoSD,M,train_1,1,5,2025-12-15T08:35:26
EHRAM Cohort 3 videos,3236 Training Day1 12-15-25 (Test 7).mp4,3236,NoSD,M,train_1,2,3,2025-12-15T08:47:23
EHRAM Cohort 3 videos,3237 Training Day1 12-15-25 (Test 8).mp4,3237,NoSD,M,train_1,2,2,2025-12-15T08:49:34
EHRAM Cohort 3 videos,3238 Training Day1 12-15-25 (Test 9).mp4,3238,NoSD,M,train_1,2,3,2025-12-15T08:52:23
EHRAM Cohort 3 videos,3239 Training Day1 12-15-25 (Test 10).mp4,3239,NoSD,M,train_1,2,5,2025-12-15T08:56:58
EHRAM Cohort 3 videos,3240 Training Day1 12-15-25 (Test 11).mp4,3240,NoSD,M,train_1,2,6,2025-12-15T08:59:05
EHRAM Cohort 3 videos,3236 Training Day1 12-15-25 (Test 13).mp4,3236,NoSD,M,train_1,3,0,2025-12-15T09:11:33
EHRAM Cohort 3 videos,3237 Training Day1 12-15-25 (Test 14).mp4,3237,NoSD,M,train_1,3,6,2025-12-15T09:18:46
EHRAM Cohort 3 videos,3238 Training Day1 12-15-25 (Test 15).mp4,3238,NoSD,M,train_1,3,6,2025-12-15T09:21:28
EHRAM Cohort 3 videos,3239 Training Day1 12-15-25 (Test 16).mp4,3239,NoSD,M,train_1,3,2,2025-12-15T09:25:42
EHRAM Cohort 3 videos,3240 Training Day1 12-15-25 (Test 17).mp4,3240,NoSD,M,train_1,3,2,2025-12-15T09:29:26
EHRAM Cohort 3 videos,3236 Training Day1 12-15-25 (Test 19).mp4,3236,NoSD,M,train_1,4,4,2025-12-15T09:37:12
EHRAM Cohort 3 videos,3237 Training Day1 12-15-25 (Test 20).mp4,3237,NoSD,M,train_1,4,3,2025-12-15T09:41:28
EHRAM Cohort 3 videos,3238 Training Day1 12-15-25 (Test 21).mp4,3238,NoSD,M,train_1,4,6,2025-12-15T09:44:17
EHRAM Cohort 3 videos,3239 Training Day1 12-15-25 (Test 22).mp4,3239,NoSD,M,train_1,4,5,2025-12-15T09:47:13
EHRAM Cohort 3 videos,3240 Training Day1 12-15-25 (Test 23).mp4,3240,NoSD,M,train_1,4,7,2025-12-15T09:51:00
EHRAM Cohort 3 videos,3229 Training Day1 12-15-25.mp4,3229,NoSD,F,train_1,1,3,2025-12-15T10:23:07
EHRAM Cohort 3 videos,3230 Training Day1 12-15-25.mp4,3230,NoSD,F,train_1,1,3,2025-12-15T10:25:06
EHRAM Cohort 3 videos,3231 Training Day1 12-15-25.mp4,3231,NoSD,F,train_1,1,7,2025-12-15T10:25:49
EHRAM Cohort 3 videos,3232 Training Day1 12-15-25.mp4,3232,NoSD,F,train_1,1,3,2025-12-15T10:35:01
EHRAM Cohort 3 videos,3233 Training Day1 12-15-25.mp4,3233,NoSD,F,train_1,1,6,2025-12-15T10:39:22
EHRAM Cohort 3 videos,3234 Training Day1 12-15-25.mp4,3234,NoSD,F,train_1,1,1,2025-12-15T10:44:17
EHRAM Cohort 3 videos,3235 Training Day1 12-15-25.mp4,3235,NoSD,F,train_1,1,2,2025-12-15T10:49:00
EHRAM Cohort 3 videos,3229 Training Day1 12-15-25 (Test 32).mp4,3229,NoSD,F,train_1,2,6,2025-12-15T10:51:42
EHRAM Cohort 3 videos,3230 Training Day1 12-15-25 (Test 33).mp4,3230,NoSD,F,train_1,2,3,2025-12-15T10:56:29
EHRAM Cohort 3 videos,3231 Training Day1 12-15-25 (Test 34).mp4,3231,NoSD,F,train_1,2,6,2025-12-15T10:58:54
EHRAM Cohort 3 videos,3232 Training Day1 12-15-25 (Test 35).mp4,3232,NoSD,F,train_1,2,5,2025-12-15T11:02:05
EHRAM Cohort 3 videos,3233 Training Day1 12-15-25 (Test 36).mp4,3233,NoSD,F,train_1,2,3,2025-12-15T11:05:51
EHRAM Cohort 3 videos,3234 Training Day1 12-15-25 (Test 37).mp4,3234,NoSD,F,train_1,2,7,2025-12-15T11:10:48
EHRAM Cohort 3 videos,3235 Training Day1 12-15-25 (Test 38).mp4,3235,NoSD,F,train_1,2,5,2025-12-15T11:15:04
EHRAM Cohort 3 videos,3229 Training Day1 12-15-25 (Test 39).mp4,3229,NoSD,F,train_1,3,4,2025-12-15T11:17:06
EHRAM Cohort 3 videos,3230 Training Day1 12-15-25 (Test 40).mp4,3230,NoSD,F,train_1,3,7,2025-12-15T11:21:15
EHRAM Cohort 3 videos,3231 Training Day1 12-15-25 (Test 41).mp4,3231,NoSD,F,train_1,3,0,2025-12-15T11:23:27
EHRAM Cohort 3 videos,3232 Training Day1 12-15-25 (Test 42).mp4,3232,NoSD,F,train_1,3,6,2025-12-15T11:29:54
EHRAM Cohort 3 videos,3233 Training Day1 12-15-25 (Test 43).mp4,3233,NoSD,F,train_1,3,0,2025-12-15T11:33:31
EHRAM Cohort 3 videos,3234 Training Day1 12-15-25 (Test 44).mp4,3234,NoSD,F,train_1,3,0,2025-12-15T11:37:04
EHRAM Cohort 3 videos,3235 Training Day1 12-15-25 (Test 45).mp4,3235,NoSD,F,train_1,3,5,2025-12-15T11:39:47
EHRAM Cohort 3 videos,3229 Training Day1 12-15-25 (Test 46).mp4,3229,NoSD,F,train_1,4,3,2025-12-15T11:44:07
EHRAM Cohort 3 videos,3230 Training Day1 12-15-25 (Test 47).mp4,3230,NoSD,F,train_1,4,3,2025-12-15T11:46:10
EHRAM Cohort 3 videos,3231 Training Day1 12-15-25 (Test 48).mp4,3231,NoSD,F,train_1,4,4,2025-12-15T11:48:19
EHRAM Cohort 3 videos,3232 Training Day1 12-15-25 (Test 49).mp4,3232,NoSD,F,train_1,4,6,2025-12-15T11:50:49
EHRAM Cohort 3 videos,3233 Training Day1 12-15-25 (Test 50).mp4,3233,NoSD,F,train_1,4,7,2025-12-15T11:54:58
EHRAM Cohort 3 videos,3234 Training Day1 12-15-25 (Test 51).mp4,3234,NoSD,F,train_1,4,2,2025-12-15T11:57:17
EHRAM Cohort 3 videos,3235 Training Day1 12-15-25 (Test 52).mp4,3235,NoSD,F,train_1,4,3,2025-12-15T11:59:49
EHRAM Cohort 3 videos,3236 Training Day 2 12-16-25.mp4,3236,NoSD,M,train_2,1,7,2025-12-16T08:13:34
EHRAM Cohort 3 videos,3237 Training Day 2 12-16-25.mp4,3237,NoSD,M,train_2,1,2,2025-12-16T08:17:25
EHRAM Cohort 3 videos,3238 Training Day 2 12-16-25.mp4,3238,NoSD,M,train_2,1,6,2025-12-16T08:20:22
EHRAM Cohort 3 videos,3239 Training Day 2 12-16-25.mp4,3239,NoSD,M,train_2,1,3,2025-12-16T08:24:01
EHRAM Cohort 3 videos,3240 Training Day 2 12-16-25.mp4,3240,NoSD,M,train_2,1,0,2025-12-16T08:26:40
EHRAM Cohort 3 videos,3236 Training Day 2 12-16-25 (Test 59).mp4,3236,NoSD,M,train_2,2,5,2025-12-16T08:34:44
EHRAM Cohort 3 videos,3237 Training Day 2 12-16-25 (Test 60).mp4,3237,NoSD,M,train_2,2,0,2025-12-16T08:40:31
EHRAM Cohort 3 videos,3238 Training Day 2 12-16-25 (Test 61).mp4,3238,NoSD,M,train_2,2,4,2025-12-16T08:43:45
EHRAM Cohort 3 videos,3239 Training Day 2 12-16-25 (Test 62).mp4,3239,NoSD,M,train_2,2,2,2025-12-16T08:46:37
EHRAM Cohort 3 videos,3240 Training Day 2 12-16-25 (Test 63).mp4,3240,NoSD,M,train_2,2,0,2025-12-16T08:49:36
EHRAM Cohort 3 videos,3236 Training Day 2 12-16-25 (Test 65).mp4,3236,NoSD,M,train_2,3,7,2025-12-16T08:58:01
EHRAM Cohort 3 videos,3237 Training Day 2 12-16-25 (Test 66).mp4,3237,NoSD,M,train_2,3,5,2025-12-16T09:01:49
EHRAM Cohort 3 videos,3238 Training Day 2 12-16-25 (Test 67).mp4,3238,NoSD,M,train_2,3,6,2025-12-16T09:04:22
EHRAM Cohort 3 videos,3239 Training Day 2 12-16-25 (Test 68).mp4,3239,NoSD,M,train_2,3,0,2025-12-16T09:06:19
EHRAM Cohort 3 videos,3240 Training Day 2 12-16-25 (Test 69).mp4,3240,NoSD,M,train_2,3,0,2025-12-16T09:09:04
EHRAM Cohort 3 videos,3236 Training Day 2 12-16-25 (Test 71).mp4,3236,NoSD,M,train_2,4,5,2025-12-16T09:13:41
EHRAM Cohort 3 videos,3237 Training Day 2 12-16-25 (Test 72).mp4,3237,NoSD,M,train_2,4,6,2025-12-16T09:17:04
EHRAM Cohort 3 videos,3238 Training Day 2 12-16-25 (Test 73).mp4,3238,NoSD,M,train_2,4,3,2025-12-16T09:20:02
EHRAM Cohort 3 videos,3239 Training Day 2 12-16-25 (Test 74).mp4,3239,NoSD,M,train_2,4,1,2025-12-16T09:22:38
EHRAM Cohort 3 videos,3240 Training Day 2 12-16-25 (Test 75).mp4,3240,NoSD,M,train_2,4,2,2025-12-16T09:25:13
EHRAM Cohort 3 videos,3229 Training Day 2 12-16-25.mp4,3229,NoSD,F,train_2,1,0,2025-12-16T10:06:53
EHRAM Cohort 3 videos,3229 Training Day 2 12-16-25 (Test 84).mp4,3229,NoSD,F,train_2,2,4,2025-12-16T10:32:03
EHRAM Cohort 3 videos,3229 Training Day 2 12-16-25 (Test 91).mp4,3229,NoSD,F,train_2,3,5,2025-12-16T10:52:51
EHRAM Cohort 3 videos,3229 Training Day 2 12-16-25 (Test 98).mp4,3229,NoSD,F,train_2,4,6,2025-12-16T11:18:20
EHRAM Cohort 3 videos,3230 Training Day 2 12-16-25.mp4,3230,NoSD,F,train_2,1,2,2025-12-16T10:13:50
EHRAM Cohort 3 videos,3230 Training Day 2 12-16-25 (Test 85).mp4,3230,NoSD,F,train_2,2,3,2025-12-16T10:35:00
EHRAM Cohort 3 videos,3230 Training Day 2 12-16-25 (Test 92).mp4,3230,NoSD,F,train_2,3,0,2025-12-16T10:55:00
EHRAM Cohort 3 videos,3230 Training Day 2 12-16-25 (Test 99).mp4,3230,NoSD,F,train_2,4,2,2025-12-16T11:24:45
EHRAM Cohort 3 videos,3231 Training Day 2 12-16-25.mp4,3231,NoSD,F,train_2,1,2,2025-12-16T10:16:00
EHRAM Cohort 3 videos,3231 Training Day 2 12-16-25 (Test 86).mp4,3231,NoSD,F,train_2,2,6,2025-12-16T10:38:02
EHRAM Cohort 3 videos,3231 Training Day 2 12-16-25 (Test 93).mp4,3231,NoSD,F,train_2,3,4,2025-12-16T10:57:36
EHRAM Cohort 3 videos,3231 Training Day 2 12-16-25 (Test 100).mp4,3231,NoSD,F,train_2,4,2,2025-12-16T11:26:48
EHRAM Cohort 3 videos,3232 Training Day 2 12-16-25.mp4,3232,NoSD,F,train_2,1,6,2025-12-16T10:18:12
EHRAM Cohort 3 videos,3232 Training Day 2 12-16-25 (Test 87).mp4,3232,NoSD,F,train_2,2,5,2025-12-16T10:40:29
EHRAM Cohort 3 videos,3232 Training Day 2 12-16-25 (Test 94).mp4,3232,NoSD,F,train_2,3,0,2025-12-16T11:01:33
EHRAM Cohort 3 videos,3232 Training Day 2 12-16-25 (Test 101).mp4,3232,NoSD,F,train_2,4,5,2025-12-16T11:32:47
EHRAM Cohort 3 videos,3233 Training Day 2 12-16-25.mp4,3233,NoSD,F,train_2,1,4,2025-12-16T10:21:25
EHRAM Cohort 3 videos,3233 Training Day 2 12-16-25 (Test 88).mp4,3233,NoSD,F,train_2,2,4,2025-12-16T10:42:30
EHRAM Cohort 3 videos,3233 Training Day 2 12-16-25 (Test 95).mp4,3233,NoSD,F,train_2,3,6,2025-12-16T11:03:53
EHRAM Cohort 3 videos,3233 Training Day 2 12-16-25 (Test 102).mp4,3233,NoSD,F,train_2,4,4,2025-12-16T11:35:31
EHRAM Cohort 3 videos,3234 Training Day 2 12-16-25.mp4,3234,NoSD,F,train_2,1,2,2025-12-16T10:27:17
EHRAM Cohort 3 videos,3234 Training Day 2 12-16-25 (Test 89).mp4,3234,NoSD,F,train_2,2,6,2025-12-16T10:48:12
EHRAM Cohort 3 videos,3234 Training Day 2 12-16-25 (Test 96).mp4,3234,NoSD,F,train_2,3,3,2025-12-16T11:08:11
EHRAM Cohort 3 videos,3234 Training Day 2 12-16-25 (Test 103).mp4,3234,NoSD,F,train_2,4,6,2025-12-16T11:39:19
EHRAM Cohort 3 videos,3235 Training Day 2 12-16-25.mp4,3235,NoSD,F,train_2,1,3,2025-12-16T10:29:20
EHRAM Cohort 3 videos,3235 Training Day 2 12-16-25 (Test 90).mp4,3235,NoSD,F,train_2,2,3,2025-12-16T10:50:10
EHRAM Cohort 3 videos,3235 Training Day 2 12-16-25 (Test 97).mp4,3235,NoSD,F,train_2,3,7,2025-12-16T11:13:13
EHRAM Cohort 3 videos,3235 Training Day 2 12-16-25 (Test 104).mp4,3235,NoSD,F,train_2,4,2,2025-12-16T11:42:03
EHRAM Cohort 3 videos,3229 Training Day 3 12-17-25.mp4,3229,NoSD,F,train_3,1,0,2025-12-17T09:43:02
EHRAM Cohort 3 videos,3229 Training Day 3 12-17-25 (Test 136).mp4,3229,NoSD,F,train_3,2,1,2025-12-17T10:03:33
EHRAM Cohort 3 videos,3229 Training Day 3 12-17-25 (Test 143).mp4,3229,NoSD,F,train_3,3,6,2025-12-17T10:23:04
EHRAM Cohort 3 videos,3229 Training Day 3 12-17-25 (Test 150).mp4,3229,NoSD,F,train_3,4,6,2025-12-17T10:47:59
EHRAM Cohort 3 videos,3230 Training Day 3 12-17-25.mp4,3230,NoSD,F,train_3,1,2,2025-12-17T09:46:05
EHRAM Cohort 3 videos,3230 Training Day 3 12-17-25 (Test 137).mp4,3230,NoSD,F,train_3,2,5,2025-12-17T10:07:30
EHRAM Cohort 3 videos,3230 Training Day 3 12-17-25 (Test 144).mp4,3230,NoSD,F,train_3,3,0,2025-12-17T10:26:26
EHRAM Cohort 3 videos,3230 Training Day 3 12-17-25 (Test 151).mp4,3230,NoSD,F,train_3,4,1,2025-12-17T10:51:05
EHRAM Cohort 3 videos,3231 Training Day 3 12-17-25.mp4,3231,NoSD,F,train_3,1,6,2025-12-17T09:48:24
EHRAM Cohort 3 videos,3231 Training Day 3 12-17-25 (Test 138).mp4,3231,NoSD,F,train_3,2,3,2025-12-17T10:09:46
EHRAM Cohort 3 videos,3231 Training Day 3 12-17-25 (Test 145).mp4,3231,NoSD,F,train_3,3,6,2025-12-17T10:29:13
EHRAM Cohort 3 videos,3231 Training Day 3 12-17-25 (Test 152).mp4,3231,NoSD,F,train_3,4,6,2025-12-17T10:53:49
EHRAM Cohort 3 videos,3232 Training Day 3 12-17-25.mp4,3232,NoSD,F,train_3,1,2,2025-12-17T09:52:30
EHRAM Cohort 3 videos,3232 Training Day 3 12-17-25 (Test 139).mp4,3232,NoSD,F,train_3,2,4,2025-12-17T10:12:22
EHRAM Cohort 3 videos,3232 Training Day 3 12-17-25 (Test 146).mp4,3232,NoSD,F,train_3,3,6,2025-12-17T10:34:12
EHRAM Cohort 3 videos,3232 Training Day 3 12-17-25 (Test 153).mp4,3232,NoSD,F,train_3,4,0,2025-12-17T10:55:57
EHRAM Cohort 3 videos,3233 Training Day 3 12-17-25.mp4,3233,NoSD,F,train_3,1,0,2025-12-17T09:55:41
EHRAM Cohort 3 videos,3233 Training Day 3 12-17-25 (Test 140).mp4,3233,NoSD,F,train_3,2,7,2025-12-17T10:15:00
EHRAM Cohort 3 videos,3233 Training Day 3 12-17-25 (Test 147).mp4,3233,NoSD,F,train_3,3,2,2025-12-17T10:37:22
EHRAM Cohort 3 videos,3233 Training Day 3 12-17-25 (Test 154).mp4,3233,NoSD,F,train_3,4,4,2025-12-17T11:00:13
EHRAM Cohort 3 videos,3234 Training Day 3 12-17-25.mp4,3234,NoSD,F,train_3,1,6,2025-12-17T09:58:10
EHRAM Cohort 3 videos,3234 Training Day 3 12-17-25 (Test 141).mp4,3234,NoSD,F,train_3,2,3,2025-12-17T10:17:14
EHRAM Cohort 3 videos,3234 Training Day 3 12-17-25 (Test 148).mp4,3234,NoSD,F,train_3,3,6,2025-12-17T10:40:14
EHRAM Cohort 3 videos,3234 Training Day 3 12-17-25 (Test 155).mp4,3234,NoSD,F,train_3,4,6,2025-12-17T11:03:13
EHRAM Cohort 3 videos,3235 Training Day 3 12-17-25.mp4,3235,NoSD,F,train_3,1,0,2025-12-17T10:01:06
EHRAM Cohort 3 videos,3235 Training Day 3 12-17-25 (Test 142).mp4,3235,NoSD,F,train_3,2,1,2025-12-17T10:20:10
EHRAM Cohort 3 videos,3235 Training Day 3 12-17-25 (Test 149).mp4,3235,NoSD,F,train_3,3,0,2025-12-17T10:43:56
EHRAM Cohort 3 videos,3235 Training Day 3 12-17-25 (Test 156).mp4,3235,NoSD,F,train_3,4,3,2025-12-17T11:05:47
EHRAM Cohort 3 videos,3236 Training Day 3 12-17-25.mp4,3236,NoSD,M,train_3,1,3,2025-12-17T08:14:05
EHRAM Cohort 3 videos,3236 Training Day 3 12-17-25 (Test 111).mp4,3236,NoSD,M,train_3,2,3,2025-12-17T08:26:19
EHRAM Cohort 3 videos,3236 Training Day 3 12-17-25 (Test 117).mp4,3236,NoSD,M,train_3,3,4,2025-12-17T08:43:10
EHRAM Cohort 3 videos,3236 Training Day 3 12-17-25 (Test 123).mp4,3236,NoSD,M,train_3,4,2,2025-12-17T08:59:45
EHRAM Cohort 3 videos,3237 Training Day 3 12-17-25.mp4,3237,NoSD,M,train_3,1,2,2025-12-17T08:16:20
EHRAM Cohort 3 videos,3237 Training Day 3 12-17-25 (Test 112).mp4,3237,NoSD,M,train_3,2,4,2025-12-17T08:31:13
EHRAM Cohort 3 videos,3237 Training Day 3 12-17-25 (Test 118).mp4,3237,NoSD,M,train_3,3,3,2025-12-17T08:47:20
EHRAM Cohort 3 videos,3237 Training Day 3 12-17-25 (Test 124).mp4,3237,NoSD,M,train_3,4,3,2025-12-17T09:01:40
EHRAM Cohort 3 videos,3238 Training Day 3 12-17-25.mp4,3238,NoSD,M,train_3,1,6,2025-12-17T08:18:46
EHRAM Cohort 3 videos,3238 Training Day 3 12-17-25 (Test 113).mp4,3238,NoSD,M,train_3,2,2,2025-12-17T08:33:12
EHRAM Cohort 3 videos,3238 Training Day 3 12-17-25 (Test 119).mp4,3238,NoSD,M,train_3,3,1,2025-12-17T08:50:17
EHRAM Cohort 3 videos,3238 Training Day 3 12-17-25 (Test 125).mp4,3238,NoSD,M,train_3,4,6,2025-12-17T09:04:15
EHRAM Cohort 3 videos,3239 Training Day 3 12-17-25.mp4,3239,NoSD,M,train_3,1,5,2025-12-17T08:21:41
EHRAM Cohort 3 videos,3239 Training Day 3 12-17-25 (Test 114).mp4,3239,NoSD,M,train_3,2,5,2025-12-17T08:36:41
EHRAM Cohort 3 videos,3239 Training Day 3 12-17-25 (Test 120).mp4,3239,NoSD,M,train_3,3,0,2025-12-17T08:55:21
EHRAM Cohort 3 videos,3239 Training Day 3 12-17-25 (Test 126).mp4,3239,NoSD,M,train_3,4,4,2025-12-17T09:07:01
EHRAM Cohort 3 videos,3240 Training Day 3 12-17-25.mp4,3240,NoSD,M,train_3,1,2,2025-12-17T08:23:55
EHRAM Cohort 3 videos,3240 Training Day 3 12-17-25 (Test 115).mp4,3240,NoSD,M,train_3,2,7,2025-12-17T08:38:43
EHRAM Cohort 3 videos,3240 Training Day 3 12-17-25 (Test 121).mp4,3240,NoSD,M,train_3,3,2,2025-12-17T08:57:37
EHRAM Cohort 3 videos,3240 Training Day 3 12-17-25 (Test 127).mp4,3240,NoSD,M,train_3,4,7,2025-12-17T09:11:17
EHRAM Cohort 3 videos,3229 SD Day 12-18-25.mp4,3229,NoSD,F,SD,1,5,2025-12-18T10:13:42
EHRAM Cohort 3 videos,3229 SD Day 12-18-25 (Test 188).mp4,3229,NoSD,F,SD,2,5,2025-12-18T10:45:13
EHRAM Cohort 3 videos,3229 SD Day 12-18-25 (Test 195).mp4,3229,NoSD,F,SD,3,1,2025-12-18T11:13:26
EHRAM Cohort 3 videos,3229 SD Day 12-18-25 (Test 202).mp4,3229,NoSD,F,SD,4,4,2025-12-18T11:43:59
EHRAM Cohort 3 videos,3230 SD Day 12-18-25.mp4,3230,NoSD,F,SD,1,4,2025-12-18T10:20:10
EHRAM Cohort 3 videos,3230 SD Day 12-18-25 (Test 189).mp4,3230,NoSD,F,SD,2,7,2025-12-18T10:48:45
EHRAM Cohort 3 videos,3230 SD Day 12-18-25 (Test 196).mp4,3230,NoSD,F,SD,3,3,2025-12-18T11:16:55
EHRAM Cohort 3 videos,3230 SD Day 12-18-25 (Test 203).mp4,3230,NoSD,F,SD,4,2,2025-12-18T11:48:11
EHRAM Cohort 3 videos,3231 SD Day 12-18-25.mp4,3231,NoSD,F,SD,1,2,2025-12-18T10:23:52
EHRAM Cohort 3 videos,3231 SD Day 12-18-25 (Test 190).mp4,3231,NoSD,F,SD,2,2,2025-12-18T10:52:45
EHRAM Cohort 3 videos,3231 SD Day 12-18-25 (Test 197).mp4,3231,NoSD,F,SD,3,0,2025-12-18T11:21:12
EHRAM Cohort 3 videos,3231 SD Day 12-18-25 (Test 204).mp4,3231,NoSD,F,SD,4,7,2025-12-18T11:52:22
EHRAM Cohort 3 videos,3232 SD Day 12-18-25.mp4,3232,NoSD,F,SD,1,0,2025-12-18T10:29:09
EHRAM Cohort 3 videos,3232 SD Day 12-18-25 (Test 191).mp4,3232,NoSD,F,SD,2,0,2025-12-18T10:57:14
EHRAM Cohort 3 videos,3232 SD Day 12-18-25 (Test 198).mp4,3232,NoSD,F,SD,3,3,2025-12-18T11:25:44
EHRAM Cohort 3 videos,3232 SD Day 12-18-25 (Test 205).mp4,3232,NoSD,F,SD,4,5,2025-12-18T11:57:08
EHRAM Cohort 3 videos,3233 SD Day 12-18-25.mp4,3233,NoSD,F,SD,1,1,2025-12-18T10:33:09
EHRAM Cohort 3 videos,3233 SD Day 12-18-25 (Test 192).mp4,3233,NoSD,F,SD,2,6,2025-12-18T11:01:34
EHRAM Cohort 3 videos,3233 SD Day 12-18-25 (Test 199).mp4,3233,NoSD,F,SD,3,5,2025-12-18T11:31:59
EHRAM Cohort 3 videos,3233 SD Day 12-18-25 (Test 206).mp4,3233,NoSD,F,SD,4,1,2025-12-18T12:01:20
EHRAM Cohort 3 videos,3234 SD Day 12-18-25.mp4,3234,NoSD,F,SD,1,1,2025-12-18T10:37:22
EHRAM Cohort 3 videos,3234 SD Day 12-18-25 (Test 193).mp4,3234,NoSD,F,SD,2,4,2025-12-18T11:05:59
EHRAM Cohort 3 videos,3234 SD Day 12-18-25 (Test 200).mp4,3234,NoSD,F,SD,3,7,2025-12-18T11:36:09
EHRAM Cohort 3 videos,3234 SD Day 12-18-25 (Test 207).mp4,3234,NoSD,F,SD,4,5,2025-12-18T12:05:21
EHRAM Cohort 3 videos,3235 SD Day 12-18-25.mp4,3235,NoSD,F,SD,1,0,2025-12-18T10:41:13
EHRAM Cohort 3 videos,3235 SD Day 12-18-25 (Test 194).mp4,3235,NoSD,F,SD,2,6,2025-12-18T11:09:22
EHRAM Cohort 3 videos,3235 SD Day 12-18-25 (Test 201).mp4,3235,NoSD,F,SD,3,7,2025-12-18T11:40:14
EHRAM Cohort 3 videos,3235 SD Day 12-18-25 (Test 208).mp4,3235,NoSD,F,SD,4,3,2025-12-18T12:10:28
EHRAM Cohort 3 videos,3236 SD Day 12-18-25.mp4,3236,NoSD,M,SD,1,4,2025-12-18T08:12:58
EHRAM Cohort 3 videos,3236 SD Day 12-18-25 (Test 163).mp4,3236,NoSD,M,SD,2,4,2025-12-18T08:40:01
EHRAM Cohort 3 videos,3236 SD Day 12-18-25 (Test 169).mp4,3236,NoSD,M,SD,3,7,2025-12-18T09:05:17
EHRAM Cohort 3 videos,3236 SD Day 12-18-25 (Test 175).mp4,3236,NoSD,M,SD,4,0,2025-12-18T09:28:44
EHRAM Cohort 3 videos,3237 SD Day 12-18-25.mp4,3237,NoSD,M,SD,1,5,2025-12-18T08:20:23
EHRAM Cohort 3 videos,3237 SD Day 12-18-25 (Test 164).mp4,3237,NoSD,M,SD,2,3,2025-12-18T08:43:59
EHRAM Cohort 3 videos,3237 SD Day 12-18-25 (Test 170).mp4,3237,NoSD,M,SD,3,0,2025-12-18T09:10:04
EHRAM Cohort 3 videos,3237 SD Day 12-18-25 (Test 176).mp4,3237,NoSD,M,SD,4,7,2025-12-18T09:33:10
EHRAM Cohort 3 videos,3238 SD Day 12-18-25.mp4,3238,NoSD,M,SD,1,4,2025-12-18T08:24:46
EHRAM Cohort 3 videos,3238 SD Day 12-18-25 (Test 165).mp4,3238,NoSD,M,SD,2,1,2025-12-18T08:48:50
EHRAM Cohort 3 videos,3238 SD Day 12-18-25 (Test 171).mp4,3238,NoSD,M,SD,3,6,2025-12-18T09:15:20
EHRAM Cohort 3 videos,3238 SD Day 12-18-25 (Test 177).mp4,3238,NoSD,M,SD,4,7,2025-12-18T09:38:41
EHRAM Cohort 3 videos,3239 SD Day 12-18-25.mp4,3239,NoSD,M,SD,1,0,2025-12-18T08:29:45
EHRAM Cohort 3 videos,3239 SD Day 12-18-25 (Test 166).mp4,3239,NoSD,M,SD,2,4,2025-12-18T08:55:34
EHRAM Cohort 3 videos,3239 SD Day 12-18-25 (Test 172).mp4,3239,NoSD,M,SD,3,3,2025-12-18T09:19:22
EHRAM Cohort 3 videos,3239 SD Day 12-18-25 (Test 178).mp4,3239,NoSD,M,SD,4,4,2025-12-18T09:43:36
EHRAM Cohort 3 videos,3240 SD Day 12-18-25.mp4,3240,NoSD,M,SD,1,1,2025-12-18T08:33:55
EHRAM Cohort 3 videos,3240 SD Day 12-18-25 (Test 167).mp4,3240,NoSD,M,SD,2,1,2025-12-18T08:59:14
EHRAM Cohort 3 videos,3240 SD Day 12-18-25 (Test 173).mp4,3240,NoSD,M,SD,3,4,2025-12-18T09:23:19
EHRAM Cohort 3 videos,3240 SD Day 12-18-25 (Test 179).mp4,3240,NoSD,M,SD,4,6,2025-12-18T09:47:56
EHRAM Cohort 3 videos,3229 Recovery Day 12-19-25.mp4,3229,NoSD,F,RECOV,1,3,2025-12-19T09:42:31
EHRAM Cohort 3 videos,3229 Recovery Day 12-19-25 (Test 240).mp4,3229,NoSD,F,RECOV,2,5,2025-12-19T10:02:30
EHRAM Cohort 3 videos,3229 Recovery Day 12-19-25 (Test 247).mp4,3229,NoSD,F,RECOV,3,7,2025-12-19T10:25:40
EHRAM Cohort 3 videos,3229 Recovery Day 12-19-25 (Test 254).mp4,3229,NoSD,F,RECOV,4,5,2025-12-19T10:45:27
EHRAM Cohort 3 videos,3230 Recovery Day 12-19-25.mp4,3230,NoSD,F,RECOV,1,3,2025-12-19T09:44:47
EHRAM Cohort 3 videos,3230 Recovery Day 12-19-25 (Test 241).mp4,3230,NoSD,F,RECOV,2,0,2025-12-19T10:06:33
EHRAM Cohort 3 videos,3230 Recovery Day 12-19-25 (Test 248).mp4,3230,NoSD,F,RECOV,3,1,2025-12-19T10:28:17
EHRAM Cohort 3 videos,3230 Recovery Day 12-19-25 (Test 255).mp4,3230,NoSD,F,RECOV,4,0,2025-12-19T10:47:38
EHRAM Cohort 3 videos,3231 Recovery Day 12-19-25.mp4,3231,NoSD,F,RECOV,1,2,2025-12-19T09:47:05
EHRAM Cohort 3 videos,3231 Recovery Day 12-19-25 (Test 242).mp4,3231,NoSD,F,RECOV,2,2,2025-12-19T10:09:36
EHRAM Cohort 3 videos,3231 Recovery Day 12-19-25 (Test 249).mp4,3231,NoSD,F,RECOV,3,3,2025-12-19T10:30:44
EHRAM Cohort 3 videos,3231 Recovery Day 12-19-25 (Test 256).mp4,3231,NoSD,F,RECOV,4,0,2025-12-19T10:49:59
EHRAM Cohort 3 videos,3232 Recovery Day 12-19-25.mp4,3232,NoSD,F,RECOV,1,4,2025-12-19T09:49:56
EHRAM Cohort 3 videos,3232 Recovery Day 12-19-25 (Test 243).mp4,3232,NoSD,F,RECOV,2,4,2025-12-19T10:12:21
EHRAM Cohort 3 videos,3232 Recovery Day 12-19-25 (Test 250).mp4,3232,NoSD,F,RECOV,3,2,2025-12-19T10:34:15
EHRAM Cohort 3 videos,3232 Recovery Day 12-19-25 (Test 257).mp4,3232,NoSD,F,RECOV,4,5,2025-12-19T10:55:41
EHRAM Cohort 3 videos,3233 Recovery Day 12-19-25.mp4,3233,NoSD,F,RECOV,1,5,2025-12-19T09:52:37
EHRAM Cohort 3 videos,3233 Recovery Day 12-19-25 (Test 244).mp4,3233,NoSD,F,RECOV,2,7,2025-12-19T10:15:49
EHRAM Cohort 3 videos,3233 Recovery Day 12-19-25 (Test 251).mp4,3233,NoSD,F,RECOV,3,4,2025-12-19T10:37:02
EHRAM Cohort 3 videos,3233 Recovery Day 12-19-25 (Test 258).mp4,3233,NoSD,F,RECOV,4,0,2025-12-19T10:59:59
EHRAM Cohort 3 videos,3234 Recovery Day 12-19-25.mp4,3234,NoSD,F,RECOV,1,0,2025-12-19T09:57:03
EHRAM Cohort 3 videos,3234 Recovery Day 12-19-25 (Test 245).mp4,3234,NoSD,F,RECOV,2,4,2025-12-19T10:19:12
EHRAM Cohort 3 videos,3234 Recovery Day 12-19-25 (Test 252).mp4,3234,NoSD,F,RECOV,3,1,2025-12-19T10:39:35
EHRAM Cohort 3 videos,3234 Recovery Day 12-19-25 (Test 259).mp4,3234,NoSD,F,RECOV,4,6,2025-12-19T11:04:36
EHRAM Cohort 3 videos,3235 Recovery Day 12-19-25.mp4,3235,NoSD,F,RECOV,1,7,2025-12-19T09:59:40
EHRAM Cohort 3 videos,3235 Recovery Day 12-19-25 (Test 246).mp4,3235,NoSD,F,RECOV,2,7,2025-12-19T10:22:40
EHRAM Cohort 3 videos,3235 Recovery Day 12-19-25 (Test 253).mp4,3235,NoSD,F,RECOV,3,4,2025-12-19T10:42:34
EHRAM Cohort 3 videos,3236 Recovery Day 12-19-25.mp4,3236,NoSD,M,RECOV,1,6,2025-12-19T08:18:14
EHRAM Cohort 3 videos,3236 Recovery Day 12-19-25 (Test 215).mp4,3236,NoSD,M,RECOV,2,7,2025-12-19T08:33:22
EHRAM Cohort 3 videos,3236 Recovery Day 12-19-25 (Test 221).mp4,3236,NoSD,M,RECOV,3,3,2025-12-19T08:46:27
EHRAM Cohort 3 videos,3236 Recovery Day 12-19-25 (Test 227).mp4,3236,NoSD,M,RECOV,4,4,2025-12-19T09:03:02
EHRAM Cohort 3 videos,3237 Recovery Day 12-19-25.mp4,3237,NoSD,M,RECOV,1,1,2025-12-19T08:22:32
EHRAM Cohort 3 videos,3237 Recovery Day 12-19-25 (Test 216).mp4,3237,NoSD,M,RECOV,2,0,2025-12-19T08:35:59
EHRAM Cohort 3 videos,3237 Recovery Day 12-19-25 (Test 222).mp4,3237,NoSD,M,RECOV,3,7,2025-12-19T08:50:25
EHRAM Cohort 3 videos,3237 Recovery Day 12-19-25 (Test 228).mp4,3237,NoSD,M,RECOV,4,7,2025-12-19T09:05:05
EHRAM Cohort 3 videos,3238 Recovery Day 12-19-25.mp4,3238,NoSD,M,RECOV,1,5,2025-12-19T08:24:47
EHRAM Cohort 3 videos,3238 Recovery Day 12-19-25 (Test 217).mp4,3238,NoSD,M,RECOV,2,6,2025-12-19T08:38:20
EHRAM Cohort 3 videos,3238 Recovery Day 12-19-25 (Test 223).mp4,3238,NoSD,M,RECOV,3,4,2025-12-19T08:53:49
EHRAM Cohort 3 videos,3238 Recovery Day 12-19-25 (Test 229).mp4,3238,NoSD,M,RECOV,4,4,2025-12-19T09:07:27
EHRAM Cohort 3 videos,3239 Recovery Day 12-19-25.mp4,3239,NoSD,M,RECOV,1,1,2025-12-19T08:27:09
EHRAM Cohort 3 videos,3239 Recovery Day 12-19-25 (Test 218).mp4,3239,NoSD,M,RECOV,2,1,2025-12-19T08:40:57
EHRAM Cohort 3 videos,3239 Recovery Day 12-19-25 (Test 224).mp4,3239,NoSD,M,RECOV,3,5,2025-12-19T08:57:03
EHRAM Cohort 3 videos,3239 Recovery Day 12-19-25 (Test 230).mp4,3239,NoSD,M,RECOV,4,4,2025-12-19T09:13:12
EHRAM Cohort 3 videos,3240 Recovery Day 12-19-25.mp4,3240,NoSD,M,RECOV,1,2,2025-12-19T08:29:50
EHRAM Cohort 3 videos,3240 Recovery Day 12-19-25 (Test 219).mp4,3240,NoSD,M,RECOV,2,1,2025-12-19T08:43:31
EHRAM Cohort 3 videos,3240 Recovery Day 12-19-25 (Test 225).mp4,3240,NoSD,M,RECOV,3,1,2025-12-19T08:59:52
EHRAM Cohort 3 videos,3240 Recovery Day 12-19-25 (Test 231).mp4,3240,NoSD,M,RECOV,4,7,2025-12-19T09:15:11
